transaction_id,customer_id,amount,timestamp,merchant
46fc27cb-ee22-42f5-bdb4-4f17292e1b17,C38613,245.39,2026-02-16T00:48:18.527037Z,SUPERMARKET
c71608ac-b0cc-4a26-b6cb-78d070e22bbd,C50360,368.38,2026-02-17T00:54:18.527037Z,RESTAURANT
d980265b-9de0-4e6e-9cbd-b904b4673e53,C67357,255.91,2026-02-19T02:01:05.527037Z,APP_STORE
d141edf6-3ecc-4e27-a276-644bf0eda287,C39758,285.47,2026-02-19T10:21:10.527037Z,RESTAURANT
9efa9f69-f78a-4768-9c35-01ffc507d41e,C30432,498.3,2026-02-15T16:58:08.527037Z,SUPERMARKET
bb657cd8-c54a-4f46-8eb2-0176d7832598,C28464,327.93,2026-02-14T00:46:23.527037Z,ONLINE_SHOP
13ab6087-1273-4112-a39c-e7502459460c,C13600,221.13,2026-02-11T18:44:05.527037Z,ONLINE_SHOP
37248c09-f671-4401-b64b-d9d1101cc1a4,C16107,188.6,2026-02-21T00:15:55.527037Z,STORE_23
b9cfb8d2-9885-4091-9b5c-1e3d271ec0aa,C96056,393.33,2026-02-15T12:43:01.527037Z,ONLINE_SHOP
9c5fdd59-6f33-4a28-a851-ff6060853b7d,C87761,-50.0,2026-02-21T00:36:54.527037Z,GAS_STATION
994466d6-ceb4-45a8-9af1-59790de622fb,C84391,59.19,2026-02-11T14:05:30.527037Z,GAS_STATION
93411078-5060-45d3-b729-6e0b966a0750,C31000,329.37,2026-02-12T16:42:38.527037Z,RESTAURANT
5396be5a-aede-499b-bcfc-1b884bcc75f1,C95833,218.03,2026-02-18T10:08:59.527037Z,APP_STORE
704422cc-bd57-4e0d-af1b-e18ebcc0e693,C73981,350.83,2026-02-12T13:21:41.527037Z,RESTAURANT
74f62bb8-67b5-49f4-821e-f3d74966f0aa,C76453,270.54,2026-02-15T15:24:08.527037Z,SUPERMARKET
060f939d-e83b-40ba-99ba-201ea5ab298b,C67614,229.03,2026-02-13T00:42:07.527037Z,GAS_STATION
80f52d22-7c53-4cbf-bf88-9d90a279c25b,C58918,10.68,2026-02-13T17:48:36.527037Z,ONLINE_SHOP
58d94cd0-3a55-4d52-9ac2-7ac78a70f87d,C13009,16.61,2026-02-15T07:08:35.527037Z,APP_STORE
46af14c0-b863-4da2-b69b-72b4a9e6a235,C11771,482.56,2026-02-15T22:46:40.527037Z,RESTAURANT
aeca97bf-328d-48a7-926c-d7f286458b44,C66366,221.11,2026-02-14T21:46:23.527037Z,SUPERMARKET
d17c7308-69b3-4bb8-ac29-06778adb20a5,C17562,443.19,2026-02-20T21:08:58.527037Z,SUPERMARKET
837fcf65-36bb-446c-9ac0-a1fc223d99e5,C46657,163.19,2026-02-14T10:41:35.527037Z,ONLINE_SHOP
13e23a54-8e0a-41fd-ae0f-44a32d854133,C26910,264.18,2026-02-13T05:01:00.527037Z,SUPERMARKET
b3f4b141-6af4-4bdc-9815-489c36dd7ac6,C90346,395.74,2026-02-11T21:06:35.527037Z,GAS_STATION
a8f4f8b8-1381-40c5-b214-c72da5c30ea8,C28644,153.43,2026-02-12T07:06:45.527037Z,GAS_STATION
4dc21589-7227-435f-ac42-87f6a757dd43,C97003,61.87,2026-02-11T08:43:23.527037Z,ONLINE_SHOP
45a54c1b-ab9e-4a9d-aa1b-08da96041c81,C76670,156.75,2026-02-18T05:26:17.527037Z,ONLINE_SHOP
4784e8fb-59b6-4366-b143-e899a623bb69,C47942,268.38,2026-02-20T20:28:17.527037Z,RESTAURANT
2de31e78-363d-46fc-b92e-e3672b19280b,C56197,59.2,2026-02-16T02:45:55.527037Z,SUPERMARKET
54ba8817-fef0-469b-a522-85c5438da8bc,C18743,44.15,2026-02-19T12:16:26.527037Z,APP_STORE
9d840ce8-8052-420d-90ee-36cff6ed7700,C28605,361.22,2026-02-20T09:58:49.527037Z,SUPERMARKET
177cfcf2-5258-401c-8904-66421e589928,C58497,441.96,2026-02-19T17:15:44.527037Z,GAS_STATION
bef2593e-ae39-4f32-96f9-a0c89d22710a,C89765,73.45,2026-02-15T13:54:10.527037Z,APP_STORE
4ad58b56-a959-4ee5-ad9a-a12c9b77e4a7,C54585,153.07,2026-02-17T12:03:59.527037Z,STORE_23
7948e98f-580a-4d90-a564-435551cdfab7,C82052,182.27,2026-02-13T14:22:47.527037Z,GAS_STATION
e6112263-0049-4156-8975-d67e3c3f52a4,C13850,182.42,2026-02-11T11:46:27.527037Z,GAS_STATION
a567faeb-a46c-421a-b899-1694d963f982,C78189,247.46,2026-02-17T08:06:20.527037Z,SUPERMARKET
8dc892ca-7999-4b01-80ad-2e73de83b460,C84059,0.0,2026-02-15T17:14:51.527037Z,APP_STORE
6853c1ca-2e77-4d12-941a-7ed7c43bc160,C29142,291.73,2026-02-19T07:48:23.527037Z,GAS_STATION
08535c0e-1e68-4f84-8d41-bef6423633a6,C92052,297.97,2026-02-12T20:45:59.527037Z,SUPERMARKET
f9c9cb68-c747-4e1b-980f-842b64d7b683,C59730,371.48,2026-02-18T05:38:26.527037Z,SUPERMARKET
aaccd9f7-b681-4478-bc94-2258afc025d2,C21068,335.12,2026-02-18T00:10:31.527037Z,SUPERMARKET
92f831eb-6528-4700-b4af-27ddfa7d47e9,C92129,122.79,2026-02-16T04:47:10.527037Z,RESTAURANT
bca8a43d-604a-456f-a835-8f142f806fd0,C75531,160.81,2026-02-20T11:48:43.527037Z,GAS_STATION
e7a83511-f2bf-4ae4-b128-165892c4dc73,C28041,123.38,2026-02-13T15:37:32.527037Z,STORE_23
b8553468-4894-43f7-9209-8b1382992f1d,C35848,272.01,2026-02-13T04:47:41.527037Z,RESTAURANT
2d9a22ab-1787-45da-81e4-0ac73e402129,C28243,-10.5,2026-02-16T20:34:13.527037Z,GAS_STATION
ec532e15-3907-47e7-9bd6-f11e7507c031,C48401,116.33,2026-02-14T18:48:29.527037Z,SUPERMARKET
2361df20-68f1-405b-b9a1-4b6d7edb951d,C67214,201.16,2026-02-18T20:32:49.527037Z,GAS_STATION
4e626623-d45d-4f04-a6a6-70f353f69dcb,C39162,390.63,2026-02-20T04:58:57.527037Z,APP_STORE
9162cabc-175c-4f56-a8db-f4d83a20981f,C99345,192.56,2026-02-12T19:23:22.527037Z,SUPERMARKET
6d1a7c02-35aa-4166-b36b-eab662e040e3,C64286,475.96,2026-02-12T03:48:52.527037Z,APP_STORE
95d0e558-34d1-4b38-843c-2e78fb29bf6c,C98783,0.0,2026-02-12T15:33:12.527037Z,GAS_STATION
c9c424c9-0611-4f11-ae37-a949bbc2fc8f,C12689,433.01,2026-02-11T20:10:02.527037Z,RESTAURANT
ba206ed8-9144-4d99-b964-b7a607a03755,C74123,37.03,2026-02-17T01:56:30.527037Z,APP_STORE
956a989b-41b4-474c-bda6-13e782e4cac9,C59993,-10.5,2026-02-19T10:45:49.527037Z,SUPERMARKET
90fba7e8-3e76-4cf3-95f1-365d05250058,C88258,133.55,2026-02-15T14:06:54.527037Z,GAS_STATION
0981ad45-9dc5-4102-9a13-f458eebc12ea,C55665,310.24,2026-02-15T13:51:40.527037Z,STORE_23
b1fc1a05-bc27-49b4-970a-b0e0c23ddedc,C70456,384.12,2026-02-11T21:44:35.527037Z,ONLINE_SHOP
ec186d58-0047-4f8f-b176-950b2d5b563f,C78945,58.77,2026-02-15T02:21:43.527037Z,GAS_STATION
fcfea55c-3d7b-471a-b84b-105a7f1c5294,C73478,282.13,2026-02-12T23:11:47.527037Z,SUPERMARKET
6e7d4b94-aa1c-43e8-a211-08c27bcf45d0,C82614,103.41,2026-02-13T09:33:22.527037Z,RESTAURANT
3eec748e-a48d-4c74-9d95-e3579df897ae,C93112,262.71,2026-02-16T13:17:58.527037Z,SUPERMARKET
a046c38d-6736-4c61-a31e-2bd71b54459c,C92900,248.81,2026-02-13T08:56:40.527037Z,ONLINE_SHOP
e1746e45-dc85-4b63-8cbc-77657d142e6a,C46114,0.0,2026-02-19T17:51:45.527037Z,ONLINE_SHOP
36dc3e3d-1ac1-434a-8629-fe64c907f417,C28335,360.4,2026-02-18T16:14:03.527037Z,ONLINE_SHOP
9c1284a8-de38-4806-98f5-99228db9164f,C91023,182.96,2026-02-20T13:43:45.527037Z,ONLINE_SHOP
b852771d-e37f-4bc7-ab40-d6f1c9957fac,C15779,271.97,2026-02-16T05:05:15.527037Z,ONLINE_SHOP
d6a7a60c-6dd4-417f-a177-390a25f2c431,C36684,170.25,2026-02-19T03:39:52.527037Z,GAS_STATION
a79f5745-b00a-4a1a-860f-99fa91d5244e,C85705,257.4,2026-02-13T13:17:47.527037Z,APP_STORE
9d01a784-a5de-4a5a-be14-66a8125da75e,C62414,291.29,2026-02-13T22:59:47.527037Z,STORE_23
2a038538-2ee2-43f4-965d-d35565892329,C24116,424.98,2026-02-17T20:11:44.527037Z,ONLINE_SHOP
3ff7dc6e-6cfc-4679-aaad-b12cc934b975,C24119,0.0,2026-02-17T02:46:24.527037Z,ONLINE_SHOP
3aaa74f3-c347-4985-a147-98a64101008b,C73734,347.58,2026-02-12T20:56:38.527037Z,ONLINE_SHOP
708de318-f4a5-4767-a381-4474433a396f,C17526,171.32,2026-02-14T02:31:53.527037Z,ONLINE_SHOP
06a07b27-03fc-4125-a73a-f1d1f4b7ff2c,C42031,87.04,2026-02-13T00:18:13.527037Z,STORE_23
7343bda0-d4c8-466d-ae06-f3716ea8695d,C31124,227.7,2026-02-20T13:29:13.527037Z,STORE_23
3d2df4c0-7501-4787-8862-0d7230723742,C46900,457.88,2026-02-15T17:00:08.527037Z,APP_STORE
050409a4-daab-4518-8cb5-3c390804fbab,C74180,78.46,2026-02-12T12:49:31.527037Z,SUPERMARKET
1e69b5f8-97bd-4252-9f9f-0b4baa856963,C59018,445.99,2026-02-19T05:45:45.527037Z,STORE_23
03d3a14f-fb11-4559-84d2-e45a2e62e56f,C14609,110.29,2026-02-16T11:46:06.527037Z,RESTAURANT
665400ad-8123-457d-bd61-e51b7b4690ee,C14358,401.35,2026-02-17T13:44:38.527037Z,STORE_23
5310ef49-40df-43b7-ac82-a87ffc11b15e,C45125,170.79,2026-02-19T02:42:00.527037Z,ONLINE_SHOP
3a8a2875-3a99-4cbf-bb46-4b647d0e27b1,C32383,352.78,2026-02-13T05:31:13.527037Z,STORE_23
e945a6e4-fbec-45f8-9bd9-007bf1111aee,C18010,275.21,2026-02-17T12:04:53.527037Z,RESTAURANT
438312b5-4104-4113-adf9-77c502cb8792,C40563,238.37,2026-02-15T06:41:34.527037Z,RESTAURANT
fa46d863-1aa3-4a9c-b6c7-143d3779c920,C79143,144.96,2026-02-13T09:35:10.527037Z,SUPERMARKET
30158d5f-5113-4509-8632-4afb02a62d3a,C25995,-50.0,2026-02-18T16:45:19.527037Z,GAS_STATION
b839ee4b-24b5-424b-87ae-4affc1c34e88,C75591,31.87,2026-02-19T08:42:05.527037Z,STORE_23
71fce536-41df-4647-9f36-fbddfb5c87f3,C85398,473.42,2026-02-14T08:06:36.527037Z,ONLINE_SHOP
ed2aeec4-7931-487e-afa1-97a9c1699cc5,C71527,0.0,2026-02-13T02:51:41.528045Z,SUPERMARKET
b5c8d9c7-e1ab-4a71-a1c8-0a080bdb563f,C82996,8.61,2026-02-12T09:39:51.528045Z,STORE_23
e4455b57-1444-4b94-8fb5-9a8928a8b73e,C12487,404.48,2026-02-19T19:38:19.528045Z,APP_STORE
becb7cc5-efd2-4b59-9536-7c4709f56b6f,C33404,451.79,2026-02-12T22:40:05.528045Z,ONLINE_SHOP
19801491-83e7-4b1b-af78-ef35188815d6,C76477,477.78,2026-02-17T23:20:59.528045Z,GAS_STATION
ae9cc84c-b307-442e-b25e-dc50da720e9a,C68503,267.34,2026-02-16T08:40:28.528045Z,GAS_STATION
b90aaf2c-87d6-45a7-84e3-cd25f84c70f2,C49858,271.81,2026-02-18T02:28:44.528045Z,GAS_STATION
4faea468-d377-4ffd-bbca-2f571c477431,C36324,105.2,2026-02-20T04:17:32.528045Z,APP_STORE
e9ffd29c-1d9c-44a8-9841-04c292d4f668,C27891,488.44,2026-02-13T11:42:44.528045Z,SUPERMARKET
3cac3675-7aa2-44e0-b95b-cee51a79677c,C71438,-50.0,2026-02-20T23:57:23.528045Z,APP_STORE
b1094e12-2e6f-488b-a337-9703a092383c,C61491,394.34,2026-02-11T22:31:12.528045Z,SUPERMARKET
4ef9443d-e43e-4bb8-9b16-5bdc4706aa5a,C55104,0.0,2026-02-19T18:46:26.528045Z,GAS_STATION
f6ef6024-d4a1-469f-bd68-b014c0ad90f1,C72436,237.78,2026-02-14T23:27:31.528045Z,APP_STORE
eec55528-b05a-44c4-bb77-a099f350bb7a,C39639,494.4,2026-02-15T04:08:38.528045Z,ONLINE_SHOP
169ff78a-f0ce-4e10-b15f-c4d326873123,C33145,20.71,2026-02-20T07:20:42.528045Z,STORE_23
4075839f-6426-4136-a8c2-9be74508510f,C38395,92.89,2026-02-17T00:17:49.528045Z,RESTAURANT
7a071c56-4138-4988-8d15-44476b274229,C17871,108.48,2026-02-13T12:08:19.528045Z,STORE_23
de294610-815b-4f8a-85bc-3675d661aaae,C44014,-50.0,2026-02-20T13:27:29.528045Z,GAS_STATION
ca02923e-efdf-49a8-ac5c-4460adb3849a,C47901,171.53,2026-02-20T08:38:16.528045Z,ONLINE_SHOP
c8d4e760-77d9-4c25-8a04-2818cf2091e6,C65076,173.82,2026-02-15T12:04:26.528045Z,RESTAURANT
c35a48ff-c9de-4f4f-b1f1-ec23565dc183,C98862,373.57,2026-02-17T09:52:14.528045Z,RESTAURANT
e4b64c7f-95ff-4930-86ad-29d96a17224b,C60504,109.01,2026-02-16T15:47:18.528045Z,APP_STORE
ce5c8113-f3f3-4c52-9585-61c9cd69ffe7,C50930,0.0,2026-02-15T00:41:01.528045Z,STORE_23
0122e80d-706a-4ed4-9f23-aa6e4e894e66,C80209,331.94,2026-02-19T17:37:07.528045Z,ONLINE_SHOP
d5955483-edb4-4c18-ae4c-24f3f2cc246a,C91375,208.2,2026-02-14T12:51:16.528045Z,STORE_23
df3e4f71-7202-4920-be10-517d8415b26f,C33733,28.7,2026-02-16T13:42:18.528045Z,ONLINE_SHOP
ff222086-d0fb-42ac-bb57-516b9e3b6eca,C44283,204.11,2026-02-18T02:05:31.528045Z,RESTAURANT
042e15ce-5d66-4165-8522-1ee5587b130b,C23700,82.85,2026-02-21T03:45:16.528045Z,GAS_STATION
7bdabacb-58c5-4077-b2cb-8c1adf97b585,C28533,156.97,2026-02-16T04:36:46.528045Z,SUPERMARKET
7a3e5ea5-3638-4cd7-ba88-cbe89106fc5b,C97521,145.28,2026-02-13T15:49:55.528045Z,RESTAURANT
eb40665b-e73e-4fcb-8951-9fe280601013,C92460,279.82,2026-02-11T04:51:45.528045Z,APP_STORE
3f992ce1-81ec-4537-8a27-37a28ef2960a,C58947,129.31,2026-02-17T16:54:44.528045Z,ONLINE_SHOP
5615e72c-5650-41d1-ab1b-26bb3fcfbadb,C80646,374.76,2026-02-13T01:56:19.528045Z,RESTAURANT
1bed6d72-f40b-442b-bea8-2ce1e50a3b84,C71518,0.0,2026-02-20T04:23:27.528045Z,STORE_23
07ee01ab-683c-43ac-beca-8328fe6c3327,C91078,-10.5,2026-02-14T16:58:36.528045Z,SUPERMARKET
b72bae6d-0f56-4ce0-93bf-93f64c0ba610,C26597,-10.5,2026-02-17T22:06:11.528045Z,APP_STORE
49f6e415-28fa-4194-a6ef-6df5694f55a8,C87909,312.54,2026-02-19T10:53:37.528045Z,ONLINE_SHOP
3b3c5869-25df-425c-920f-bfdaeb3405c6,C26530,261.93,2026-02-19T10:01:27.528045Z,STORE_23
cd6d2f18-93f9-4813-963e-2ceaee4a5feb,C49363,60.33,2026-02-11T15:40:03.528045Z,SUPERMARKET
9cedbe57-7a51-4901-afa4-68313ba9cb03,C61379,443.04,2026-02-18T06:44:04.528045Z,ONLINE_SHOP
3327687d-f722-41ac-8211-a44ac8bdacf7,C66676,482.78,2026-02-16T16:57:46.528045Z,APP_STORE
e6e210e6-e692-48a4-ae79-9934a67af401,C63065,94.57,2026-02-16T08:12:16.528045Z,STORE_23
97ebe90a-edfa-4617-99d7-461aff3807ca,C92777,47.74,2026-02-17T15:29:16.528045Z,STORE_23
337738d8-5d7d-4d70-9c8a-62ddb94ac854,C96735,25.61,2026-02-16T10:14:30.528045Z,APP_STORE
36e34ef2-d97d-45f6-b2a3-3c70462e100b,C15154,224.13,2026-02-18T15:27:15.528045Z,APP_STORE
01f21e2b-9bcf-4086-8d17-9715a8f4bd92,C67505,121.76,2026-02-16T14:21:50.528045Z,APP_STORE
31987063-6425-4330-9fd2-50e48f70399f,C54974,64.93,2026-02-11T08:41:10.528045Z,APP_STORE
346baa9e-11cd-419e-b6e0-61470d2c4379,C19239,290.36,2026-02-12T06:19:35.528045Z,RESTAURANT
d606f52a-819e-4ca0-8a4a-1a7e011c9147,C38839,-10.5,2026-02-19T11:29:36.528045Z,SUPERMARKET
9eb2744e-a0d6-4a0b-bb86-805d31be0f9b,C44635,326.63,2026-02-13T05:51:49.528045Z,ONLINE_SHOP
a1b561c1-af97-4c8d-a143-01ca5d031437,C38658,283.86,2026-02-19T02:05:38.528045Z,SUPERMARKET
a350e52c-48ad-4f27-b38e-d5758de54432,C46128,278.0,2026-02-11T16:46:00.528045Z,GAS_STATION
0e7b00da-54d6-4e24-adbc-33f09509a7d2,C90464,472.78,2026-02-20T17:30:54.528045Z,SUPERMARKET
ee951f8e-8006-436f-a55b-db0a693cac5a,C50796,246.61,2026-02-18T03:16:35.528045Z,ONLINE_SHOP
f331e298-7207-496e-8e66-7edda9b09195,C33006,85.19,2026-02-16T02:00:51.528045Z,SUPERMARKET
c9295cbf-9300-4c5c-a4ca-dd7c654a65d8,C56947,343.76,2026-02-19T06:55:49.528045Z,APP_STORE
d0e215c2-e4cb-4577-ad3e-e29f4d9f2886,C91119,451.99,2026-02-17T13:02:50.528045Z,SUPERMARKET
d3549eed-738e-4f89-81ed-822ca4f5796e,C12696,25.78,2026-02-14T11:57:10.528045Z,SUPERMARKET
f3b44658-819e-4ef5-8dd2-5b7d309fb3aa,C21540,400.05,2026-02-12T22:42:26.528045Z,APP_STORE
d78094c0-0dba-4eb8-b54d-88868d43ef2b,C79395,290.87,2026-02-15T13:04:04.528045Z,SUPERMARKET
24460d56-71c2-4677-9e0d-7e7ec4e24dfb,C39554,412.39,2026-02-13T18:59:11.528045Z,SUPERMARKET
fea7a01a-9aa0-4c16-b3db-e0508e93f832,C67377,215.92,2026-02-19T11:43:36.528045Z,RESTAURANT
781e255b-b27d-4817-8cc3-b28f1337ec33,C48475,453.92,2026-02-16T14:46:15.528045Z,RESTAURANT
74b1f6d5-fdb2-494b-9c92-928bcddea874,C97454,18.31,2026-02-14T01:49:42.528045Z,APP_STORE
b27d752f-1165-400a-b436-5f427243ceab,C43264,404.78,2026-02-20T04:34:08.528045Z,ONLINE_SHOP
60df9850-0c96-4399-847e-3e0fae6cc016,C29524,395.04,2026-02-18T06:52:50.528045Z,RESTAURANT
5a077d9a-2001-4c7f-9a79-bae4c7a774b7,C12116,405.87,2026-02-17T01:50:53.528045Z,STORE_23
553c4c99-0d30-4689-b62e-169879d7fbb0,C43520,72.46,2026-02-12T22:34:12.528045Z,GAS_STATION
984550d3-0d06-417a-941b-68e843a7a777,C70471,413.55,2026-02-11T22:27:50.528045Z,SUPERMARKET
9f0f7ef5-be1b-4073-a5b6-2764bd9b482c,C16718,383.88,2026-02-13T16:55:39.528045Z,GAS_STATION
95a41ede-cd85-4858-9c44-5bfd3903034b,C77192,471.63,2026-02-12T22:32:59.528045Z,GAS_STATION
d629361d-b501-459a-b76f-c8e69a58f543,C93339,233.28,2026-02-17T06:23:49.528045Z,APP_STORE
a2466a4e-b8a3-43c8-b534-d680b240d9a4,C83334,112.82,2026-02-11T14:56:06.528045Z,RESTAURANT
43797623-e8d3-4d72-8640-757642c9dcf1,C60946,312.6,2026-02-14T11:10:18.528045Z,SUPERMARKET
fc489278-3f96-454e-b845-7f1210e2361a,C13727,308.84,2026-02-20T21:05:14.528045Z,RESTAURANT
8cace296-3e6e-4ef1-bec3-890c90412215,C28540,303.41,2026-02-16T01:23:25.528045Z,APP_STORE
69fb41dc-1e97-489a-aaa1-40b870323378,C97452,254.8,2026-02-14T20:53:01.528045Z,RESTAURANT
51e57007-694a-4345-a76f-fe901e2fcf7e,C12249,309.56,2026-02-11T18:30:48.528045Z,RESTAURANT
20eaabe6-2e02-4dc3-ade7-7a74dd5e6443,C47295,421.2,2026-02-13T19:37:53.528045Z,APP_STORE
daecd39d-b62d-48ba-8a8a-ceba0973b5b2,C35040,153.07,2026-02-14T20:34:28.528045Z,ONLINE_SHOP
2e129a8b-52cc-4fbf-86ae-9ae4bad98fc0,C87801,360.88,2026-02-12T18:10:56.528045Z,SUPERMARKET
61f1a52f-85d5-4081-8980-aec794b17de2,C94701,452.68,2026-02-18T02:00:34.528045Z,APP_STORE
4034f27e-99c4-460b-bd27-1244514e98f4,C51964,37.36,2026-02-14T17:03:05.528045Z,APP_STORE
5aa3e35f-4f60-4d13-a254-ce83f9acd084,C58613,-10.5,2026-02-15T06:38:29.528045Z,APP_STORE
0f5ea7f4-3dc9-47f8-90de-bce69a29df46,C94852,141.09,2026-02-15T09:04:50.528045Z,GAS_STATION
5a231abc-ffc0-4219-9376-defe5ba30f1f,C46601,329.78,2026-02-17T15:29:57.528045Z,STORE_23
c80eebb4-7c26-49a6-b249-c65e3692dfd8,C90490,-10.5,2026-02-13T19:51:16.528045Z,GAS_STATION
35d284d8-d436-4da1-9ad7-22b2c150d6b0,C11554,80.19,2026-02-19T16:25:25.528045Z,GAS_STATION
50a46d92-9fc5-4d3a-9a85-9d07fd66e97f,C79109,342.79,2026-02-14T07:19:48.528045Z,RESTAURANT
ed229c5e-86c4-44a2-a3c6-529d6385cd7b,C47230,467.09,2026-02-12T11:16:23.528045Z,GAS_STATION
fdde5546-a22f-4ebb-b68b-10f0114429e8,C43881,241.28,2026-02-21T01:52:48.528045Z,APP_STORE
56c45d0a-658e-4bf3-8f1e-7536f4169832,C42336,74.73,2026-02-18T11:25:18.528045Z,STORE_23
f9e476ad-6885-4272-ba16-2e4ef40b1c8e,C37153,13.33,2026-02-16T21:50:45.528045Z,APP_STORE
0e8bf033-1044-4187-8f82-a85783dd022e,C90654,387.27,2026-02-13T13:36:23.528045Z,GAS_STATION
23a48dfe-ddb9-4256-a9dd-b27dd1b76db1,C70948,456.52,2026-02-19T17:42:32.528045Z,SUPERMARKET
c861bfeb-e47c-4658-b129-f76ea0c1c1ab,C26275,322.67,2026-02-20T23:39:34.528045Z,SUPERMARKET
3b90da6e-1769-4162-8939-1acfd33ed07a,C56602,86.51,2026-02-20T02:56:59.528045Z,RESTAURANT
1b7d0395-3476-4950-855d-bad079bf05c8,C49312,291.31,2026-02-20T07:56:16.528045Z,APP_STORE
84eeecd2-c086-4d96-98bf-d16791a26beb,C55415,20.17,2026-02-12T06:41:46.528045Z,APP_STORE
bbb68698-1284-41a8-9aea-87bc61550c23,C18490,33.49,2026-02-20T05:03:27.528045Z,ONLINE_SHOP
fc50ebaa-ff9e-44d1-8445-1d37ab5cb4ef,C82561,39.83,2026-02-17T22:48:45.528045Z,SUPERMARKET
9dea8596-c342-420e-96e6-b91a42e1c483,C62018,49.19,2026-02-20T03:01:30.528045Z,STORE_23
2ccf51bc-f76a-4ff9-ac4d-b1fac9cdda45,C59818,141.2,2026-02-21T01:41:38.528045Z,RESTAURANT
2afe67a5-f1fe-40c8-b95f-d73fc0b47594,C78359,461.56,2026-02-21T02:58:54.528045Z,ONLINE_SHOP
9e6c376d-36c5-4c22-893e-34866d004367,C93775,486.77,2026-02-14T05:19:30.528045Z,APP_STORE
e53d649f-2b77-486d-95a9-74227efd3efa,C67925,123.29,2026-02-11T18:48:19.528045Z,RESTAURANT
6efc2ff6-a7e8-4d11-8966-6225365236a5,C85474,327.93,2026-02-17T11:14:38.528045Z,GAS_STATION
4df2263a-ecfa-4388-b461-967f31b5d66c,C37468,498.78,2026-02-14T16:00:13.528045Z,GAS_STATION
de661d2b-6e7b-4cd1-91bd-41e1e61e336f,C16699,325.45,2026-02-17T14:25:22.528045Z,SUPERMARKET
e82d243e-173a-48cc-b66f-6bc5e87b14f5,C51702,404.8,2026-02-15T10:09:57.528045Z,GAS_STATION
78ccd422-812e-4db1-b5d4-30e0f0ad2bf3,C55093,256.25,2026-02-18T10:28:19.528045Z,STORE_23
0bf2541e-1b4a-49e4-9b3d-bff67299ffd4,C39264,0.0,2026-02-14T11:16:03.528045Z,STORE_23
d647e0fc-c4a3-4c18-8448-c7b2731d154c,C22993,-10.5,2026-02-11T23:42:48.528045Z,ONLINE_SHOP
f998e6d1-c016-4659-bd5b-338ce6af99f4,C17745,-50.0,2026-02-18T11:41:49.528045Z,STORE_23
308b261b-45c6-4d25-84ed-ea5144468c09,C68132,448.85,2026-02-15T09:59:14.528045Z,ONLINE_SHOP
2b932559-b95e-4308-868e-ff117c543f94,C89423,370.31,2026-02-16T17:52:07.528045Z,ONLINE_SHOP
dd135cbe-e846-4db2-9c10-ed380abb5a08,C92545,161.23,2026-02-13T09:07:02.528045Z,SUPERMARKET
2eecfb92-800e-427e-bb70-f8d22ceb212c,C97569,482.89,2026-02-13T15:45:59.528045Z,GAS_STATION
654b146e-fe41-44d3-94d1-2f3ea9ba3312,C32890,320.93,2026-02-12T20:31:31.528045Z,APP_STORE
2eb09d5f-96ea-42ed-b18f-0f864df5520a,C59755,111.71,2026-02-20T00:47:39.528045Z,APP_STORE
c53e96b7-8c43-4864-8902-ffb5179488b6,C24299,290.33,2026-02-15T18:48:45.528045Z,SUPERMARKET
cc25c2f3-039c-4eb4-87e5-754abf4ef49e,C48739,239.38,2026-02-15T00:35:31.528045Z,RESTAURANT
eb53280d-9c6d-46ba-9347-019323a8709d,C97309,255.75,2026-02-13T13:54:27.528045Z,SUPERMARKET
f4fa68ad-8a74-474c-98a7-3582dee62c7b,C77435,417.41,2026-02-15T20:03:42.528045Z,APP_STORE
1bf854e7-9dcd-4af6-9b63-85abb8fc6bf6,C23811,-10.5,2026-02-20T02:45:48.528045Z,GAS_STATION
7f94bc44-a474-4544-845d-abf2b2096058,C18844,479.19,2026-02-17T22:12:21.528045Z,GAS_STATION
2a967ab2-d0d9-43e8-847b-a6a407ac7fca,C45259,-10.5,2026-02-17T13:46:59.529044Z,SUPERMARKET
dabdbd83-74a9-4c18-9fed-c348c9e6477d,C88931,337.41,2026-02-18T13:48:58.529044Z,RESTAURANT
ca7f28fe-53c9-4244-8b62-570522820d93,C80750,192.82,2026-02-12T08:45:10.529044Z,RESTAURANT
c86eb53d-4ba4-48d7-a6c5-165388218e29,C14635,240.88,2026-02-14T16:07:01.529044Z,APP_STORE
1a2ce2c0-1394-4bd9-ac2a-01a6d126eac0,C35232,50.24,2026-02-16T16:47:00.529044Z,GAS_STATION
47cbfc72-a783-41fc-a0d9-1f44a843bd0c,C67313,0.0,2026-02-15T06:29:09.529044Z,ONLINE_SHOP
65038c17-2661-42b8-beb2-c7f6c7c8cf5f,C11541,299.95,2026-02-12T14:54:20.529044Z,SUPERMARKET
ae95528f-e40a-4f60-bca1-d743b5611d3d,C31743,65.48,2026-02-19T17:03:28.529044Z,STORE_23
55c35c2a-28cc-453e-bf95-0d87d4686bad,C39027,80.66,2026-02-12T18:47:49.529044Z,SUPERMARKET
80ac5760-707f-4ba6-8e93-794dec0b393b,C86640,93.97,2026-02-20T06:49:09.529044Z,GAS_STATION
9ec8676f-009b-41d2-b04e-19e8e3f3da07,C60590,63.21,2026-02-14T00:34:30.529044Z,GAS_STATION
b54239ec-bcfb-471e-9bd4-eef64eb828bc,C12713,143.79,2026-02-20T02:54:33.529044Z,ONLINE_SHOP
82d06607-cc46-49d2-aaee-1bdb65c4f31b,C86093,228.68,2026-02-12T12:41:52.529044Z,STORE_23
a9a378bd-66e4-470d-82d4-80e9740852c2,C11586,386.53,2026-02-11T23:45:49.529044Z,SUPERMARKET
4f3b971d-a6de-47d0-9a43-b1a92b41b2d5,C29094,280.67,2026-02-19T00:24:41.529044Z,GAS_STATION
201b2b7b-8341-4109-a581-f96cab5182f8,C87311,361.12,2026-02-15T22:25:39.529044Z,STORE_23
caa9c480-a335-4c0f-9651-53fdaa03084b,C50858,-50.0,2026-02-19T11:59:34.529044Z,APP_STORE
a4faad1c-c09d-4caa-bd22-4b5ce5347056,C46058,472.05,2026-02-13T01:41:31.529044Z,ONLINE_SHOP
c2989674-c8c8-47f7-9c15-c5423826e799,C20961,0.0,2026-02-19T08:21:22.529044Z,SUPERMARKET
7c58e426-9f38-49d9-9c0a-129ef0c60c2c,C15408,344.16,2026-02-18T18:52:16.529044Z,ONLINE_SHOP
928786b8-88e0-4913-b6dc-459db9229a92,C49847,-10.5,2026-02-16T23:30:20.529044Z,RESTAURANT
58a2273b-9fc1-44c9-9371-bc7dfd162203,C87926,384.53,2026-02-20T11:31:05.529044Z,SUPERMARKET
8a15c4ea-a4af-440b-8bda-3a8b470afcdb,C28365,208.11,2026-02-11T15:26:24.529044Z,STORE_23
54fa1110-3ce8-421f-9d0d-d63f9d052c2b,C12678,222.56,2026-02-12T12:41:42.529044Z,APP_STORE
09ee8fda-2461-4e89-a4db-93d38a7c251b,C40516,457.81,2026-02-19T11:25:33.529044Z,ONLINE_SHOP
6b21b18b-028b-4ba3-9963-1ec2e4893865,C80326,112.15,2026-02-14T03:04:16.529044Z,GAS_STATION
55f71a56-e41e-456d-a5ee-e7db7476e271,C59367,273.95,2026-02-17T12:32:28.529044Z,SUPERMARKET
d3e4dec5-2c3b-4303-9274-de3610affa1b,C57535,121.16,2026-02-18T05:56:32.529044Z,GAS_STATION
d505e869-0fff-4f3f-8b03-2b604e04878e,C39307,431.03,2026-02-18T00:11:01.529044Z,ONLINE_SHOP
a17c6800-a834-49d6-bd74-b351e83b111e,C17128,107.65,2026-02-11T13:25:16.529044Z,APP_STORE
06e5bf4f-5991-4155-bd63-1631b52e8de1,C29770,415.69,2026-02-11T21:17:36.529044Z,STORE_23
41f46bb3-94cf-4291-a6ec-3fd42b98bee0,C68461,364.24,2026-02-12T14:39:39.529044Z,SUPERMARKET
0219ee64-a700-443c-9231-f766bf0f4760,C53568,-10.5,2026-02-16T09:11:32.529044Z,SUPERMARKET
7488bb28-6a1d-470c-812e-dfdc0cb4e089,C43234,253.67,2026-02-12T01:37:39.529044Z,ONLINE_SHOP
f6484678-a088-499f-aeab-5f993dccf0a6,C39222,3.01,2026-02-20T18:06:54.529044Z,STORE_23
dce84747-a5c5-4253-ad09-16a228d6caf4,C92838,100.9,2026-02-12T06:39:08.529044Z,STORE_23
2e814659-f8e5-4075-bbe9-7c423eee3b43,C67763,50.03,2026-02-17T03:05:05.529044Z,GAS_STATION
1fed5946-fc8b-4997-a7ac-07e224749b30,C39677,190.96,2026-02-17T01:14:01.529044Z,STORE_23
9a4df08e-7a49-47a7-af2f-82ee7ef7f22f,C76192,363.79,2026-02-12T21:37:41.529044Z,GAS_STATION
4226ceaf-3797-422b-a165-796ae37bc665,C71132,0.0,2026-02-11T19:35:25.529044Z,ONLINE_SHOP
99c8df8a-6e8f-41f4-ba06-3ae4ecd35b87,C71807,331.45,2026-02-16T04:42:22.529044Z,SUPERMARKET
253a9126-033e-4405-9637-9dd3256dbd00,C17811,92.16,2026-02-19T11:59:31.529044Z,APP_STORE
bcae5048-df8c-4159-a4a4-a7eb52638013,C94474,101.93,2026-02-11T17:36:56.529044Z,GAS_STATION
45de65cc-a385-4abb-a963-94cc8520f83e,C55311,189.84,2026-02-14T10:25:58.529044Z,SUPERMARKET
10877c48-f41a-4d94-a149-57033cb7b52f,C16249,330.41,2026-02-20T23:13:28.529044Z,RESTAURANT
4fe1d02b-bd74-45db-b4a0-0d9c5da4d2ed,C16406,482.6,2026-02-18T13:49:12.529044Z,STORE_23
edd43a55-6708-4fdb-81fd-6155c9b7fe82,C39815,171.5,2026-02-13T14:20:40.529044Z,SUPERMARKET
567fbc7d-8208-42ec-a1c5-855abdbb4196,C95910,147.22,2026-02-13T13:50:17.529044Z,ONLINE_SHOP
275d8ce6-6edb-4067-b60b-cbd957eb2b8a,C96698,91.88,2026-02-16T03:35:45.529044Z,APP_STORE
c9682282-0c88-401d-9529-fc441de9b9cc,C16794,382.77,2026-02-14T08:40:00.529044Z,GAS_STATION
ebcbd2c6-662c-4716-857e-d6b1687fc5b3,C96193,131.95,2026-02-13T18:25:08.529044Z,APP_STORE
24d0a1b4-a8f5-4ad1-be07-695c3ce2ea84,C47619,27.24,2026-02-15T20:13:58.529044Z,SUPERMARKET
36ad8aa8-77f6-479c-a9a3-808ee27e06ed,C53385,498.75,2026-02-12T17:00:07.529044Z,SUPERMARKET
9287fffa-9ddb-42ff-bb06-0f1264b55b79,C68271,60.48,2026-02-19T08:06:57.529044Z,GAS_STATION
fac2c114-8eef-45f6-9979-5d5b74584762,C36196,68.3,2026-02-13T10:37:37.529044Z,RESTAURANT
883733ca-fe9b-4117-9459-6251cac9db2c,C56999,290.71,2026-02-19T07:34:15.529044Z,STORE_23
922d405e-e8ad-4a8e-91b8-36b00751506b,C14898,239.02,2026-02-13T00:26:29.529044Z,RESTAURANT
f9e082e3-e87e-4d8c-b3ce-c64d511c04d5,C48691,402.64,2026-02-17T02:41:30.529044Z,STORE_23
be43267d-c9d0-4534-bd1f-f8ea89087389,C27020,132.45,2026-02-13T20:58:18.529044Z,ONLINE_SHOP
f60b3ef3-3567-40e3-9874-e00c48120a20,C81337,56.64,2026-02-11T17:38:12.529044Z,ONLINE_SHOP
b467ebd0-0f88-4afe-a8c7-dd7f07aed261,C20799,190.66,2026-02-19T21:22:04.529044Z,GAS_STATION
20365368-f01d-4ca8-8804-44feeeffda38,C76545,221.67,2026-02-16T06:06:51.529044Z,SUPERMARKET
e850ac3e-f041-4d01-87ef-6b649ddc9123,C34038,340.27,2026-02-15T19:20:09.529044Z,SUPERMARKET
cb12ec7e-809c-422a-9b84-57d22b61109b,C43766,6.24,2026-02-14T19:57:50.529044Z,APP_STORE
85328d5e-84b1-4191-a903-5144379fcd0e,C77292,23.85,2026-02-17T01:10:55.529044Z,SUPERMARKET
05fa0ae3-4e35-485e-b6d2-2b17928f1cdb,C77581,77.45,2026-02-17T07:17:05.529044Z,SUPERMARKET
18775823-19a4-4049-a338-feed7645c5e4,C26063,-10.5,2026-02-13T01:59:04.529044Z,ONLINE_SHOP
669d0940-4f13-4c6e-8d45-824a7744af2d,C95408,215.64,2026-02-18T10:45:32.529044Z,ONLINE_SHOP
564ac3b0-cbdf-4fee-8117-6420b570a2fa,C20659,193.71,2026-02-15T12:10:13.529044Z,ONLINE_SHOP
dd95c6bf-0cde-435e-85f9-f646d0361548,C77659,317.48,2026-02-19T12:53:13.529044Z,ONLINE_SHOP
8cd51568-a4dd-4994-8c3f-5b8fedc90006,C69654,330.92,2026-02-13T13:47:34.529044Z,APP_STORE
ac7e6695-db1b-4740-aa0b-b741e474bb9e,C48598,369.49,2026-02-15T07:52:59.529044Z,APP_STORE
4f0c261d-a27e-428f-8f0a-8680a9be4525,C82845,483.65,2026-02-15T13:31:19.529044Z,GAS_STATION
847bdf70-5dc5-40bd-9426-902f873ab48e,C58594,99.69,2026-02-18T15:36:26.529044Z,RESTAURANT
f9724531-19f8-4ce6-8b85-0675c7c10d6a,C61508,160.58,2026-02-17T18:28:44.529044Z,SUPERMARKET
7d8ead00-310b-43ef-9073-d81bb9ae095b,C88414,47.98,2026-02-18T01:43:17.529044Z,APP_STORE
172d33cc-5359-4dfb-a0fe-e49b9366dd59,C65723,358.26,2026-02-14T11:20:24.529044Z,STORE_23
3b7ec1a2-73bb-4108-9f1b-26b465e3a7f9,C21688,0.0,2026-02-14T00:18:38.529044Z,APP_STORE
319354a9-cb24-40cf-9a69-90bf05a79819,C44179,265.02,2026-02-19T16:38:52.529044Z,ONLINE_SHOP
671624db-eb71-4912-b857-a45832db353b,C95128,318.39,2026-02-12T17:20:12.529044Z,RESTAURANT
5e20bb58-1cd2-4cb7-8395-852f2d2f05a2,C65676,422.59,2026-02-13T07:57:07.529044Z,STORE_23
001ede10-c756-4ccd-b6fb-4d03629e69d3,C82598,173.67,2026-02-18T16:17:42.529044Z,SUPERMARKET
3734617f-407e-43bf-8eac-4decda22e64b,C12713,394.99,2026-02-12T16:11:59.529044Z,APP_STORE
cc226f55-eeeb-4897-8e49-d6a19eb4a7ad,C73017,62.01,2026-02-18T12:11:56.529044Z,SUPERMARKET
c6016eb2-d06d-4f6a-83f6-6bcc0c0cbe0b,C73113,67.79,2026-02-19T18:23:58.529044Z,STORE_23
6e6352e1-0edc-43c4-9eea-1b59552b395e,C80551,246.29,2026-02-15T00:02:13.529044Z,RESTAURANT
6172a006-4c6a-467f-a9b4-b1e5d952eea6,C30219,30.89,2026-02-13T10:27:45.529044Z,APP_STORE
491794bf-2b4b-4647-ab92-1b96f22e45ab,C29405,367.98,2026-02-11T19:42:38.529044Z,RESTAURANT
e1fe6158-556f-4ee6-adc8-9468555f8c8d,C67438,132.45,2026-02-18T23:34:00.529044Z,RESTAURANT
bc3fc500-a778-4d18-8d4f-f633c6763d82,C32859,305.12,2026-02-15T05:15:28.529044Z,RESTAURANT
6dc88b89-64dc-4dc4-82f3-70c381cad2d6,C28464,420.91,2026-02-18T19:23:34.529044Z,RESTAURANT
3ebc4352-fd22-42f1-9c66-46294634a35a,C87577,283.31,2026-02-19T07:37:04.529044Z,ONLINE_SHOP
14d303f3-150c-4808-8166-1ce33f4c7edb,C71636,322.47,2026-02-11T19:12:49.529044Z,STORE_23
5213d557-c634-4e93-afd5-f24e0f7fa58d,C94328,146.02,2026-02-11T07:03:13.529044Z,GAS_STATION
eb5aaa57-aa15-4e93-99a5-34163aeb87de,C26470,169.29,2026-02-15T10:33:56.529044Z,SUPERMARKET
0a9e7b36-cba5-44fc-869e-d96e8581ac9b,C97620,391.79,2026-02-12T04:35:15.529044Z,RESTAURANT
b82dff75-e759-47e8-88ce-7e60a9278278,C18961,465.86,2026-02-18T02:55:22.529044Z,SUPERMARKET
0968ccaa-a46b-4326-9e7e-88ba3a847769,C13373,383.39,2026-02-11T06:59:13.529044Z,SUPERMARKET
65d8ec6d-1058-48ee-99ad-e96b15ebe24f,C22944,293.51,2026-02-12T18:24:11.529044Z,RESTAURANT
975b1e96-200d-43e0-9268-b8fce2509ce9,C77905,469.14,2026-02-19T18:58:32.529044Z,GAS_STATION
2f863d7c-474d-41a4-8f3b-29f855d87c39,C81958,474.94,2026-02-13T15:44:39.529044Z,APP_STORE
060cba6f-c7b3-42f4-9cb5-793ff87c58ed,C16112,302.02,2026-02-15T20:35:25.529044Z,RESTAURANT
58f87a85-2a4e-406d-8a05-1a4f10a71def,C54326,324.97,2026-02-17T21:11:49.529044Z,STORE_23
e7d4890b-b666-46e1-8e64-09e0bb315e69,C33800,451.09,2026-02-15T03:08:28.529044Z,RESTAURANT
14555f2c-f1e0-477b-9c08-3cb654c96259,C35392,427.87,2026-02-18T23:00:01.529044Z,SUPERMARKET
7dffacd9-aed7-4de5-97c6-bff69fcb22a3,C75962,0.0,2026-02-11T11:18:41.529044Z,SUPERMARKET
45f42dbb-3845-4065-b058-3dc242d34da2,C67689,130.26,2026-02-17T14:46:00.529044Z,APP_STORE
e0e5aa7f-7df1-41a8-91e2-61c0de99972a,C47022,285.58,2026-02-19T10:31:55.529044Z,GAS_STATION
a2a8b6ff-c761-4419-af02-d875f5bf0737,C39210,101.7,2026-02-14T15:44:31.529044Z,APP_STORE
4756af3d-2651-47f4-a240-381b9201d17b,C43310,174.4,2026-02-18T16:02:41.529044Z,RESTAURANT
4a23a556-7692-42ce-9d21-7344c09655ed,C90089,160.37,2026-02-20T07:32:27.529044Z,GAS_STATION
445a2845-ef14-4a4e-a722-92da22f52ce6,C18965,0.0,2026-02-12T06:18:11.529044Z,GAS_STATION
ba43e42b-da1d-4fbd-8c54-50b1df290a74,C67665,32.33,2026-02-17T15:47:13.529044Z,ONLINE_SHOP
ad0905f7-5093-4479-aa9a-b19fece0dcf8,C15872,368.61,2026-02-13T20:05:55.529044Z,STORE_23
be485904-2f63-47bb-8dce-f97c439dd614,C71003,443.58,2026-02-13T18:52:12.529044Z,ONLINE_SHOP
7714e360-a5af-4351-90a4-10416b0f98a1,C29866,204.78,2026-02-16T14:47:09.529044Z,STORE_23
c2ad6ea6-75a8-4d95-a813-b542e63dbc32,C57127,-50.0,2026-02-12T22:21:34.529044Z,STORE_23
28b37864-5f82-4406-8ce7-05752b49ac30,C69422,46.22,2026-02-16T17:56:00.529044Z,STORE_23
50015595-7b1b-437c-80a5-c8abcc4d393d,C21955,204.05,2026-02-20T13:20:29.529044Z,ONLINE_SHOP
6b2d614a-354f-4006-968c-1dfcb15aad1f,C62856,496.11,2026-02-14T11:56:09.529044Z,APP_STORE
af2ebea9-fb35-4035-a2ba-cc26c225f8b4,C73144,-50.0,2026-02-20T00:00:56.529044Z,SUPERMARKET
74a4e9b0-340f-47b7-8085-51ac0ca14e63,C96939,0.0,2026-02-11T14:00:45.529044Z,ONLINE_SHOP
6706e226-f74d-40dc-a25d-bba6a3858078,C39145,177.34,2026-02-12T03:31:53.529044Z,STORE_23
9a52f694-66eb-43b7-90da-52586173f0f4,C55399,66.2,2026-02-18T21:27:39.529044Z,APP_STORE
84493cde-b86c-4162-847c-a5e34b001a0d,C16885,185.5,2026-02-15T18:16:38.529044Z,APP_STORE
4b16c39a-7cc2-436d-be9c-5977a5f52c40,C78368,-10.5,2026-02-19T00:24:19.530044Z,GAS_STATION
4c6ca652-5dae-437a-981a-84177345f750,C28298,415.2,2026-02-12T04:23:24.530044Z,APP_STORE
31a3b619-9475-48c8-925d-61c3b85bbf8a,C93358,36.04,2026-02-14T03:14:56.530044Z,GAS_STATION
257cd20c-7f0c-4b57-939f-cf11082aa7bb,C39412,-10.5,2026-02-20T17:27:48.530044Z,RESTAURANT
16e1f5a6-0dee-4b11-9c84-df96bbcf3516,C39594,219.44,2026-02-11T05:15:27.530044Z,APP_STORE
8f8a906f-b5f0-4f52-8e1b-f759212d2bad,C56730,441.39,2026-02-20T20:01:21.530044Z,STORE_23
d6079c67-d9c2-458f-bcdf-1ad9d4f0539d,C12534,428.96,2026-02-19T05:57:39.530044Z,APP_STORE
7e79a9d4-c941-472f-ad8a-bf4a49d06621,C12126,162.25,2026-02-11T17:23:34.530044Z,SUPERMARKET
4a3282d6-a050-4183-aa78-7444df994d18,C80138,253.43,2026-02-16T20:42:36.530044Z,APP_STORE
99ec16fa-ec80-45ee-b820-1a5501b618e4,C28663,191.4,2026-02-16T07:28:15.530044Z,RESTAURANT
5b0b2160-66b7-4528-b795-dfcfaa2f261d,C51973,175.82,2026-02-15T05:28:18.530044Z,STORE_23
f71f333c-3b7b-4b63-8840-619ef2351351,C41650,104.93,2026-02-16T21:30:33.530044Z,STORE_23
62a66c0d-78d9-4016-874e-f3ddd6f27705,C77814,292.98,2026-02-19T01:02:51.530044Z,APP_STORE
464389c9-ed4d-4885-9f56-c2f1cd4193fe,C13165,428.54,2026-02-20T16:19:49.530044Z,RESTAURANT
0bfaed6f-fe54-4bd7-9718-4fc2516807af,C55494,388.07,2026-02-18T23:55:09.530044Z,RESTAURANT
ba81c564-44e4-49b8-9685-b26ee007d81e,C61775,231.69,2026-02-11T12:17:52.530044Z,ONLINE_SHOP
4da31953-75fb-487b-9eb4-148907b9cdd8,C41647,339.27,2026-02-15T07:43:33.530044Z,RESTAURANT
3182d6d3-540f-456a-9b83-32f0d648b214,C21240,222.48,2026-02-13T05:43:43.530044Z,RESTAURANT
7282ece2-acdf-4087-b573-1d14f074f3dd,C21224,474.92,2026-02-14T22:25:50.530044Z,RESTAURANT
f105a4e8-dc15-418b-9e23-11a56b1fd9af,C40345,449.13,2026-02-11T14:28:27.530044Z,GAS_STATION
296a66cc-a9ba-4ff4-a48c-b4941d844913,C75652,0.0,2026-02-16T10:16:21.530044Z,ONLINE_SHOP
2e87bbe1-b2d8-4d48-afa3-10a19383bd9e,C10189,165.77,2026-02-11T22:44:51.530044Z,STORE_23
54d3b202-b361-4aff-9698-71e92606ee39,C30290,185.24,2026-02-20T01:51:29.530044Z,GAS_STATION
78555977-4094-47df-9c92-17bfc28d15e5,C86584,112.43,2026-02-20T10:12:46.530044Z,SUPERMARKET
d9fb637b-efe4-4ca3-87f8-1786816d2bfb,C96958,185.59,2026-02-14T02:14:18.530044Z,RESTAURANT
73ecb11d-a029-4b11-aba3-d5c889268e26,C32684,60.22,2026-02-20T19:14:31.530044Z,ONLINE_SHOP
6bfc8e8b-a5d5-40b3-9046-4ec0826f015d,C38121,366.94,2026-02-18T20:26:44.530044Z,APP_STORE
94b0c385-a751-4247-81f2-67f9096f8db8,C37750,70.75,2026-02-12T02:23:00.530044Z,SUPERMARKET
c0a73d92-d3dd-4abe-9c9e-9a3b884a4a31,C64509,138.59,2026-02-14T09:29:49.530044Z,APP_STORE
2a14c85a-5a99-45f5-8e35-9202c3819db1,C54719,345.79,2026-02-15T22:59:38.530044Z,APP_STORE
08e85d16-f441-4629-b4dd-84680dab2c36,C99340,478.72,2026-02-18T17:21:47.530044Z,APP_STORE
bb9c09e4-1328-4822-9b60-f6b01f50c835,C88728,497.05,2026-02-11T16:37:56.530044Z,RESTAURANT
1c9b7620-9b91-4a05-bb8a-7d4dbeb5b729,C80599,286.89,2026-02-11T15:01:54.530044Z,STORE_23
d0c277d7-98e6-4304-81c7-5d81a4bf82ff,C57663,0.0,2026-02-17T08:43:14.530044Z,GAS_STATION
1d3a4b3a-2590-4d00-b899-a5bbe095f687,C14486,0.0,2026-02-14T11:18:22.530044Z,RESTAURANT
b6f6c10d-dbf0-45a6-9fc3-8fd7c93ceefe,C94118,348.8,2026-02-16T16:06:34.530044Z,SUPERMARKET
95cd6367-fb4d-4aef-8d7c-3aeecb00b2ec,C76308,75.39,2026-02-14T23:02:11.530044Z,SUPERMARKET
73950188-3960-48b1-8b2f-b1d9f3f02b26,C10250,440.16,2026-02-18T22:45:19.530044Z,APP_STORE
459727e0-4ea2-4f35-b2b7-cdb00345efd1,C83511,451.94,2026-02-17T06:26:43.530044Z,ONLINE_SHOP
7537e766-1b27-4870-b131-9edf693a8b6c,C99660,105.44,2026-02-11T07:10:34.530044Z,APP_STORE
a2f0e529-5bb2-4c0f-88b0-89431e42fcdd,C26603,219.32,2026-02-12T01:28:12.530044Z,ONLINE_SHOP
a230e8b4-8e72-46ef-99fc-8b7f8ed9fce6,C95187,383.82,2026-02-15T16:36:41.530044Z,APP_STORE
e0e60b91-5848-453f-8957-927b83f75c4d,C44597,202.13,2026-02-14T10:20:57.530044Z,GAS_STATION
35d3e835-304b-4dfe-9b87-68e91806271a,C37446,2.97,2026-02-15T19:35:45.530044Z,STORE_23
bc0b2971-fd8a-4605-aef7-f1ab8850ef2c,C56066,288.11,2026-02-14T21:11:09.530044Z,SUPERMARKET
fab574d6-6c29-4775-afdc-6df72017a960,C23706,382.6,2026-02-12T21:48:38.530044Z,GAS_STATION
d275ade4-9db4-4710-b474-f030b773851f,C21315,389.84,2026-02-18T08:54:11.530044Z,ONLINE_SHOP
17e7c777-4c57-48df-815d-8a0c8c3dd4f1,C43168,231.32,2026-02-13T02:33:37.530044Z,SUPERMARKET
a763df9b-4f07-47a8-bb5a-5c1c035388c5,C46198,208.36,2026-02-12T05:16:35.530044Z,GAS_STATION
d50e50d6-bd98-4484-8060-39a838f1d58d,C27431,102.05,2026-02-15T08:36:57.530044Z,STORE_23
c6d5e5dc-1a2b-4be7-91d6-0bbaad7613e6,C21904,165.33,2026-02-13T10:38:51.530044Z,ONLINE_SHOP
fc280465-0b85-49e1-bfcd-a1a61bef75b8,C75131,0.0,2026-02-15T14:45:34.530044Z,RESTAURANT
d856879f-eb1e-4867-ab34-9fcd72307fbb,C26544,9.94,2026-02-20T13:44:10.530044Z,SUPERMARKET
2fafc409-8980-4858-997a-6a274a9e1aac,C92214,297.24,2026-02-19T05:09:47.530044Z,STORE_23
26a51e89-e1ad-4818-81da-1070bf9e325c,C94206,37.61,2026-02-12T17:35:46.530044Z,APP_STORE
cf65cbd0-a7b8-42a5-b1b5-63f835de6816,C19569,209.52,2026-02-17T22:14:58.530044Z,RESTAURANT
5525f958-e136-4115-a9a6-f0af1fffc0fa,C28868,443.47,2026-02-13T17:14:06.530044Z,STORE_23
fa50aac4-a638-4085-aeb4-a53d7bead7dc,C98268,4.44,2026-02-16T21:24:41.530044Z,STORE_23
6feaeba0-2371-490b-8195-ddd35ab4b4ec,C44862,395.0,2026-02-18T20:07:03.530044Z,APP_STORE
786aa648-34b3-49e4-b1bd-d6612eba089a,C37229,83.51,2026-02-15T06:24:42.530044Z,ONLINE_SHOP
d7c843cb-e4b9-4463-a0f5-c0402781fcdf,C51419,292.43,2026-02-20T09:32:40.530044Z,APP_STORE
cd6dca4a-9922-4bd6-b608-5c5196d4a36e,C26306,-10.5,2026-02-17T18:32:24.530044Z,ONLINE_SHOP
df9891da-450f-4a35-ac21-6b035ca03d85,C43484,255.3,2026-02-16T08:53:18.530044Z,ONLINE_SHOP
4a473083-9a6d-44a4-a4f9-1df5d720738a,C90582,457.24,2026-02-12T21:59:17.530044Z,GAS_STATION
8fa11d8d-2ba4-4788-82c8-c6550b2b305c,C76232,444.61,2026-02-16T07:06:52.530044Z,SUPERMARKET
fc1da07e-a3f6-4afc-a534-c6d23eff76ba,C27926,127.52,2026-02-14T01:04:54.530044Z,ONLINE_SHOP
02e01915-b7c6-477a-9b16-3914374ffa00,C35572,425.64,2026-02-18T16:17:18.530044Z,STORE_23
d483b437-3699-4366-ab83-0ab37d6763a8,C64905,0.0,2026-02-13T20:03:03.530044Z,STORE_23
04c7b911-c886-4eaa-a44d-f4aa3abbee6f,C56010,440.32,2026-02-20T17:58:28.530044Z,SUPERMARKET
c4741949-7b8c-4e31-9832-a4c4320fa9a5,C71880,473.96,2026-02-14T17:23:27.530044Z,SUPERMARKET
9332e604-c81d-4073-a831-269a6fefb534,C51426,60.74,2026-02-11T08:53:26.530044Z,GAS_STATION
c074789f-4c0d-4743-b228-b85a65c3e2ac,C79622,126.81,2026-02-13T02:52:11.530044Z,APP_STORE
628822b7-d68f-4a89-9caf-e30b2bad5d3f,C69195,4.6,2026-02-16T21:48:18.530044Z,RESTAURANT
52339933-ccba-4a26-bfd0-10589bc1f814,C73233,0.0,2026-02-13T14:46:46.530044Z,GAS_STATION
188b632f-6665-4c64-8e62-62ab3380c859,C21337,315.56,2026-02-13T20:36:49.530044Z,STORE_23
cbe04d3e-86e7-457c-8161-5bd8a38b8db3,C93624,151.18,2026-02-16T12:36:49.530044Z,GAS_STATION
bef611da-f200-4c80-b400-4bf8490f24f7,C38562,322.33,2026-02-15T23:12:29.530044Z,APP_STORE
bfacf896-af45-4e2c-bffb-d4474149869f,C98682,396.31,2026-02-15T05:42:17.530044Z,GAS_STATION
d4c1f037-9697-46d5-9a11-8d38ac7919be,C85686,413.62,2026-02-20T14:53:42.530044Z,RESTAURANT
3fb3bf89-866a-4dad-9bcb-4fa92220373a,C73730,449.67,2026-02-15T07:14:09.530044Z,ONLINE_SHOP
6c06b346-a589-447f-9994-5ad4f7e17555,C89667,152.73,2026-02-13T18:58:28.530044Z,RESTAURANT
4285401a-3478-480a-a482-558f6dd1800b,C10802,62.4,2026-02-18T19:21:00.530044Z,SUPERMARKET
b50f9475-8052-4ba2-a9f1-0857b23e13a7,C80705,399.36,2026-02-12T21:14:40.530044Z,APP_STORE
221d3f94-93d4-4a94-858d-6426e3461e37,C97345,424.29,2026-02-20T15:26:19.530044Z,RESTAURANT
14515e12-6694-401b-950f-ab0904dbc8f9,C35082,186.07,2026-02-17T10:23:21.530044Z,ONLINE_SHOP
01016091-566b-46bd-81df-4bca44f0f514,C70830,54.02,2026-02-16T22:32:58.530044Z,ONLINE_SHOP
b6cf7a57-d0b1-442d-b209-a605e4dceda4,C15531,237.41,2026-02-12T09:00:29.530044Z,GAS_STATION
5fc934d2-44c8-4ea7-9627-cf365143e8c9,C72905,381.49,2026-02-17T03:08:39.530044Z,APP_STORE
0a7bf23c-8fc0-4395-b4d7-4071d9db09f4,C86251,379.3,2026-02-17T02:47:52.530044Z,ONLINE_SHOP
3bd34d96-4116-4349-9ad9-5724d0be4891,C11129,72.59,2026-02-17T15:53:50.530044Z,STORE_23
7f1f8958-368a-4048-98fc-1434a07d293e,C98910,436.67,2026-02-18T22:08:35.530044Z,GAS_STATION
bcc84fca-c520-4e92-ab04-608a7a4ada02,C50166,200.84,2026-02-15T19:00:56.530044Z,RESTAURANT
b4a34275-9538-42b1-9fa1-63964619c134,C50428,323.6,2026-02-13T04:58:57.530044Z,RESTAURANT
538f6689-bab2-4eef-881f-1a125b38a8d4,C18490,116.25,2026-02-16T16:34:36.530044Z,SUPERMARKET
472609e3-1d41-46aa-a877-02b5580fddd6,C63270,185.2,2026-02-16T05:57:11.530044Z,ONLINE_SHOP
bf9355dd-0374-4b52-9866-8bdacc887738,C93790,0.0,2026-02-11T22:58:40.530044Z,RESTAURANT
dc5b334a-b6e6-4f56-b29f-47d1fca7ea61,C89286,31.33,2026-02-19T19:01:20.530044Z,SUPERMARKET
b21d6cf6-82d7-4e9b-8051-2700fe72b5ff,C43774,429.52,2026-02-20T03:54:06.530044Z,GAS_STATION
bf08e3fd-5854-49cb-8baf-2a65a7f5d095,C41318,-50.0,2026-02-20T07:01:47.530044Z,APP_STORE
e3d5a8e8-06d7-4da1-86a2-6c9e322a01d3,C64193,398.49,2026-02-13T10:25:28.530044Z,APP_STORE
7fc4737a-b701-4bb0-b50a-5a592561e308,C91644,91.46,2026-02-19T15:28:51.530044Z,APP_STORE
c90944d2-65c2-4968-8a92-6b63d379560f,C84360,217.59,2026-02-15T12:10:20.530044Z,SUPERMARKET
6d75af3b-c4d9-46bd-b49b-107d32e64d8a,C50238,444.27,2026-02-16T13:26:17.530044Z,SUPERMARKET
93b283f5-ef98-43b1-b6c3-2a1a7f2b650a,C30456,0.0,2026-02-16T07:51:33.530044Z,RESTAURANT
902b30d9-1c8b-45cf-ae43-ccfcfe8fab9b,C50868,407.16,2026-02-18T21:15:44.530044Z,ONLINE_SHOP
43eb9d9d-fa38-43f9-84e2-5a929df8a3f5,C37193,425.62,2026-02-12T16:45:02.530044Z,RESTAURANT
f5ea388e-0ed1-4db7-9ee7-c84f92946a17,C85114,206.49,2026-02-19T17:26:50.530044Z,APP_STORE
0487762b-5eda-4955-9d98-319b04ed1972,C40798,278.74,2026-02-12T07:47:55.530044Z,STORE_23
c3c27643-0fcb-486c-bba9-9bc28cc135b5,C75487,101.79,2026-02-17T19:17:42.530044Z,ONLINE_SHOP
7470b697-3629-4c63-a4e5-6d9b8ad09ad8,C67029,105.25,2026-02-19T09:23:47.530044Z,ONLINE_SHOP
28eb945f-b585-41f8-8123-356b8294d472,C89327,463.21,2026-02-16T10:17:02.530044Z,APP_STORE
569a83c3-8403-4125-b7c7-765779c0e197,C77645,279.2,2026-02-16T15:21:51.530044Z,RESTAURANT
286274f5-72d8-462f-8fe6-708d30175d08,C22664,-10.5,2026-02-20T18:56:02.530044Z,APP_STORE
af2f39dc-4766-46e0-8b19-1271cf56f96a,C11101,471.95,2026-02-18T03:30:16.530044Z,ONLINE_SHOP
73429e00-9824-4917-895f-d886a32112a9,C55821,-10.5,2026-02-18T00:10:30.530044Z,RESTAURANT
0f291653-2c6b-442e-b5c6-1b0dbd208955,C40300,239.14,2026-02-12T02:39:42.530044Z,GAS_STATION
9967bc5a-1389-4869-8c02-6c2d827fb640,C36283,160.21,2026-02-12T01:24:26.530044Z,RESTAURANT
efa6f327-eff3-42cf-ac64-b108cefa66c3,C65582,396.52,2026-02-16T21:59:57.530044Z,SUPERMARKET
fff85901-998a-4a8d-abfc-c68f0b26790f,C25408,475.0,2026-02-18T13:58:11.530044Z,APP_STORE
d1ab551d-b05c-487b-9385-f02c44480377,C29647,213.69,2026-02-19T22:13:46.530044Z,ONLINE_SHOP
86ee40ab-4c8e-41ce-86bf-42a43b97978d,C51212,29.25,2026-02-13T12:41:19.530044Z,APP_STORE
44d9d101-3257-4a64-b8a9-dde9d6cf917e,C78561,342.97,2026-02-18T08:15:24.530044Z,ONLINE_SHOP
576cfe96-f248-4933-a1aa-437ba9705661,C93991,265.39,2026-02-13T21:26:43.530044Z,APP_STORE
d89ad97c-ab9e-42a7-94bf-9eedac64181f,C86818,354.34,2026-02-13T00:12:30.530044Z,SUPERMARKET
41ac3fed-e900-4521-b18f-55eac7339b0b,C48953,497.52,2026-02-14T02:33:58.531042Z,RESTAURANT
1fd6ea3e-d374-4ebd-b588-7984a3258b13,C54785,318.09,2026-02-15T10:13:13.531042Z,GAS_STATION
8063f5a2-05d0-415e-9326-283591ef0f25,C41452,339.7,2026-02-12T12:41:43.531042Z,ONLINE_SHOP
44fb9b65-0e03-4954-be1d-4bfc343be121,C56049,462.45,2026-02-18T01:37:10.531042Z,GAS_STATION
450aaf7c-6287-48af-af25-13e3255c9479,C82375,275.93,2026-02-11T09:37:14.531042Z,STORE_23
e4fabe63-8fb4-450e-9fe0-b85288e020d2,C17152,-10.5,2026-02-11T15:41:46.531042Z,APP_STORE
1e119bb7-e25a-4597-a0ea-237d1bd17808,C78541,408.12,2026-02-15T01:32:45.531042Z,SUPERMARKET
3466d6b3-127d-42ba-9ca2-aaabf2ab7ca2,C97245,63.13,2026-02-19T19:34:16.531042Z,APP_STORE
ad7da6b0-12f2-4e95-90c4-0d6702e33b84,C67086,322.23,2026-02-17T02:53:36.531042Z,GAS_STATION
8889c1c3-4a8c-42de-b0e4-76bf49788d41,C62631,78.72,2026-02-19T09:55:50.531042Z,SUPERMARKET
267287de-79e2-496d-9bd3-a5b1736ef02e,C86664,55.13,2026-02-11T23:23:29.531042Z,ONLINE_SHOP
be8f1984-1816-4b24-badf-7eafdbfa86f7,C50026,421.54,2026-02-18T08:10:48.531042Z,RESTAURANT
1403115a-1eb9-4ea3-b1a0-76317343f655,C13166,129.09,2026-02-16T04:24:52.531042Z,APP_STORE
3436765b-11e0-4a22-9d9d-d0aded9c270e,C29656,243.08,2026-02-16T21:48:21.531042Z,ONLINE_SHOP
18a5db29-e909-4534-b316-8961bdb36e6e,C36093,395.96,2026-02-16T02:30:34.531042Z,RESTAURANT
c8e065a6-25b6-4468-9588-7844d3d4faea,C26486,0.0,2026-02-12T02:56:01.531042Z,STORE_23
f9248e9c-43db-4acc-8689-998bff399f8e,C73582,47.57,2026-02-14T20:32:47.531042Z,SUPERMARKET
999b08fb-99b9-4109-bca1-8dd63f1cc125,C64160,0.0,2026-02-11T09:50:47.531042Z,ONLINE_SHOP
120f3dc2-b1d3-4aa4-adc2-53a1ba70d854,C26256,-50.0,2026-02-14T06:57:29.531042Z,GAS_STATION
50845553-53be-4394-9dea-ab8a9d38c0aa,C76384,433.87,2026-02-14T06:04:00.531042Z,ONLINE_SHOP
80adf533-63fe-43f5-aa91-8ac5d9feacb1,C37797,208.79,2026-02-15T14:23:37.531042Z,ONLINE_SHOP
f299c46d-5843-408d-aff7-8b5a3cbe7a8c,C94636,405.36,2026-02-15T02:42:05.531042Z,APP_STORE
fed5910e-a2e4-4577-ac68-e14aeec0ab8b,C10415,492.92,2026-02-13T01:15:13.531042Z,GAS_STATION
e12a2eac-0891-4d59-8b7f-142ba38a2285,C32079,0.0,2026-02-13T08:47:27.531042Z,STORE_23
1adf0ed7-8c5c-4af0-8a89-01e1690bcc6c,C30756,284.91,2026-02-12T08:57:44.531042Z,GAS_STATION
43a4505a-48cc-489c-8c25-8da4f69c17ec,C41570,7.77,2026-02-12T18:56:25.531042Z,ONLINE_SHOP
34b6c94e-2c2f-44bc-9ca9-751b37f2b7e8,C56452,13.7,2026-02-17T02:58:54.531042Z,ONLINE_SHOP
b1415926-0426-45d2-bda8-763994ff9ceb,C45029,159.4,2026-02-17T15:06:24.531042Z,APP_STORE
446952e7-1c27-4cdd-bfa9-6c65a9234d38,C77332,355.56,2026-02-19T18:10:50.531042Z,APP_STORE
aa3b0843-eb01-4815-9a7e-4bf21ac496af,C92474,-10.5,2026-02-15T22:01:06.531042Z,RESTAURANT
0d0ece21-d740-47f2-87f1-95be2a86d046,C37158,-50.0,2026-02-19T08:54:17.531042Z,GAS_STATION
903dac2e-f665-4b7a-b344-2d58cc295828,C67385,156.38,2026-02-15T16:07:21.531042Z,GAS_STATION
f713643d-1981-4456-b22b-d7976b2db51b,C47623,-50.0,2026-02-19T22:38:53.531042Z,GAS_STATION
0f0d13f0-1704-4070-8765-6c297a12296e,C59539,53.11,2026-02-13T13:44:37.531042Z,RESTAURANT
03133993-a706-439e-a6cc-05949befc200,C84030,173.02,2026-02-17T16:12:02.531042Z,APP_STORE
387db162-6f0e-471c-9ea4-acc4c96c07f5,C61767,30.66,2026-02-12T19:01:48.531042Z,RESTAURANT
05f76321-3027-4951-a604-4a8a9382d682,C85396,157.12,2026-02-15T22:00:51.531042Z,ONLINE_SHOP
7df1650e-06fc-4f30-9113-f8c685e8d0fe,C19852,407.45,2026-02-20T08:15:36.531042Z,APP_STORE
605f3fe2-c62d-4114-8457-545abdbf6971,C29887,292.87,2026-02-12T15:27:40.531042Z,STORE_23
334426ca-9997-4ebb-ada4-7f56c224c8d4,C15707,146.93,2026-02-14T06:39:50.531042Z,ONLINE_SHOP
a456c06a-9a7a-454f-9738-12654fed61b1,C52129,177.4,2026-02-14T14:50:53.531042Z,RESTAURANT
33fddb48-d56b-4394-a376-a3f70033e317,C76530,130.41,2026-02-16T22:21:51.531042Z,APP_STORE
98441f8b-0b32-4344-a6a3-df148529c1ab,C69166,57.13,2026-02-19T02:03:01.531042Z,SUPERMARKET
f9d744a1-cfb3-48fe-9964-ab59280b053c,C18330,422.4,2026-02-12T06:06:47.531042Z,RESTAURANT
cc1eab86-a94b-4b12-a2f0-1779ebda9afa,C56720,328.17,2026-02-17T23:51:25.531042Z,SUPERMARKET
15184aaa-e0b7-4f3c-832c-e75430866249,C70473,227.26,2026-02-17T08:33:20.531042Z,APP_STORE
9963f4b8-cec5-4e06-b1af-2b191c50cea6,C58187,302.9,2026-02-14T22:59:30.531042Z,GAS_STATION
8966a1b1-8821-47d1-8774-239153d06a59,C36807,282.74,2026-02-12T00:26:33.531042Z,STORE_23
a9680186-c168-4206-b6f9-7913da1aa121,C88593,492.66,2026-02-20T13:32:17.531042Z,GAS_STATION
a81ba4a0-8f8f-4fb9-b581-74d61893a6fe,C54800,476.42,2026-02-18T09:42:34.531042Z,SUPERMARKET
5d3bea03-b929-4e21-8bd3-d7b73d0f1933,C93751,-10.5,2026-02-12T10:14:05.531042Z,APP_STORE
cb2366a9-a267-464b-afe9-03479a7d38ff,C83000,383.82,2026-02-18T15:37:52.531042Z,SUPERMARKET
4a7b2ae9-67ce-484a-a2ce-c9b55350a526,C99455,271.42,2026-02-20T11:46:15.531042Z,RESTAURANT
2aa4ce75-5b70-4037-9a7d-eb8f42b4762c,C13880,68.42,2026-02-11T15:01:28.531042Z,SUPERMARKET
55a06975-6238-4434-a695-1bea17a275a9,C64618,467.82,2026-02-12T01:27:26.531042Z,GAS_STATION
e150d14c-8fad-445c-81e4-a8c76e13ccd8,C31068,99.55,2026-02-20T12:15:26.531042Z,GAS_STATION
1552a77d-94ff-426b-9f3e-79bc867c078b,C83045,296.99,2026-02-13T09:54:40.531042Z,ONLINE_SHOP
ea5a3261-e9c6-4c4c-bcf5-6ccefa9f240d,C26967,267.54,2026-02-15T02:44:39.531042Z,RESTAURANT
37307d6f-f1d0-4a85-888c-4dc23f702282,C81869,317.5,2026-02-11T13:55:02.531042Z,APP_STORE
3b8cba10-e58f-4c5d-b962-8cce09738df7,C78367,487.96,2026-02-17T14:27:45.531042Z,APP_STORE
e62a6851-ef9f-486d-92af-d6bd594b3c84,C91298,149.84,2026-02-17T10:44:24.531042Z,APP_STORE
4ccedc92-0067-43f3-8053-aacd42dfc41c,C27244,143.89,2026-02-11T14:50:40.531042Z,GAS_STATION
eccffe2c-63a0-461a-9e07-351b687f38a8,C31253,73.67,2026-02-13T18:00:08.531042Z,SUPERMARKET
72e69013-4024-4043-b7b0-5d9142f9f225,C13101,299.2,2026-02-12T17:55:09.531042Z,RESTAURANT
c257d0ea-16fa-474b-a344-2f46110fcaa9,C61802,194.34,2026-02-19T20:05:21.531042Z,GAS_STATION
6cc675b8-44c2-4700-8c41-8729e3f4f459,C88179,253.6,2026-02-14T19:28:35.531042Z,APP_STORE
4219d308-f19e-4ac1-9910-7dea034c7b6d,C88097,316.84,2026-02-15T22:23:38.531042Z,ONLINE_SHOP
6c56dd7c-d041-4db5-99ab-a28e674f30b8,C48232,470.68,2026-02-17T09:51:30.531042Z,STORE_23
2e9acfd8-6373-4123-ae60-66dd366041c9,C30541,84.15,2026-02-18T09:42:43.531042Z,STORE_23
4be7126f-c9e3-420c-b227-dd98204a52a5,C14815,429.55,2026-02-16T11:13:43.531042Z,STORE_23
b0384719-b7de-473e-8b2c-7c1841d97931,C79955,0.0,2026-02-17T13:18:06.531042Z,ONLINE_SHOP
174ecfc8-ca58-4411-86e0-95228e05f25c,C10358,366.45,2026-02-12T23:07:44.531042Z,APP_STORE
02b18e4b-b97f-4222-8dcd-82e8fc853566,C18491,0.0,2026-02-12T20:21:32.531042Z,STORE_23
4c496566-12e8-41aa-b909-c525c99ee630,C55731,314.78,2026-02-13T20:20:37.531042Z,GAS_STATION
adbf0343-b911-49bf-9d89-519ebde5aad5,C18643,0.0,2026-02-14T22:07:52.531042Z,ONLINE_SHOP
a3ad9e4e-dd50-4331-bc8a-a99327d5c603,C26273,284.12,2026-02-12T03:41:11.531042Z,APP_STORE
89daebc8-918b-4f70-851a-c859601e2982,C95509,374.0,2026-02-14T23:22:31.531042Z,ONLINE_SHOP
4eef9649-a56a-42e3-a6d3-cc3da09ad857,C28041,-10.5,2026-02-12T03:27:03.531042Z,GAS_STATION
f28178f6-3a20-4547-b24e-d006d0bef370,C49168,153.35,2026-02-12T00:06:58.531042Z,STORE_23
949fc088-4aa2-45c5-bae6-da6f27b71848,C20808,75.82,2026-02-17T18:36:04.531042Z,ONLINE_SHOP
213eeb19-7d1f-4e5f-8cc2-428a7f4e6991,C61750,81.87,2026-02-12T07:13:30.531042Z,STORE_23
826c858f-d752-48c2-9cd0-aa4f543e8d6c,C21470,240.37,2026-02-14T15:35:08.531042Z,STORE_23
0cb26c8c-e486-48b4-98fc-c34ae5fbdc15,C22999,326.48,2026-02-12T04:57:05.531042Z,APP_STORE
8ef56c56-2028-4167-98cb-4f4b11ccce3e,C16820,489.29,2026-02-20T13:38:06.531042Z,APP_STORE
a5431349-4965-43c4-8ca4-34a5c84b015e,C73299,403.38,2026-02-19T19:51:43.531042Z,GAS_STATION
e450e81c-7d91-4f2a-b07e-22a49a41cf71,C68856,164.43,2026-02-11T06:47:26.531042Z,SUPERMARKET
9264b544-d7d2-4e60-8fd4-b3c2284f8dfe,C78267,183.86,2026-02-14T03:19:36.531042Z,SUPERMARKET
c640b669-51cc-4466-a56d-9d8820f4214f,C31801,105.22,2026-02-12T05:43:36.531042Z,GAS_STATION
85ffa5d8-0372-49fd-b0e6-94c89aebc5d9,C42790,304.14,2026-02-17T13:11:07.531042Z,APP_STORE
c942788b-39f8-4e61-a4dc-a4bb05ff9981,C26806,-10.5,2026-02-18T11:21:20.531042Z,APP_STORE
03417a67-a565-41ae-9658-8370efb15e4f,C76423,161.62,2026-02-11T07:27:43.531042Z,RESTAURANT
10a2d69b-ec5c-4680-b43a-a9179fea3758,C27618,376.04,2026-02-20T03:09:10.531042Z,GAS_STATION
29fc3d32-7f3e-4756-b7da-f2a8ca6d8408,C79384,242.65,2026-02-18T05:00:51.531042Z,RESTAURANT
3200c519-64b2-467a-9ed4-6f8d631ec3c6,C58892,-50.0,2026-02-11T09:33:45.531042Z,GAS_STATION
569e2aa0-f8dd-41ee-9d83-b115c00d3f80,C36206,441.93,2026-02-19T04:29:28.531042Z,STORE_23
3233ec69-999b-43a9-9e68-8e1796805c16,C35604,456.33,2026-02-18T03:51:31.531042Z,ONLINE_SHOP
a406aa34-6961-452d-983b-34e01b596f65,C11990,-10.5,2026-02-12T02:36:24.531042Z,ONLINE_SHOP
1c83d6e5-b7a9-4b9a-992b-731404b47fbe,C97551,272.44,2026-02-18T23:55:55.531042Z,APP_STORE
6d487097-4c46-43e2-a4a7-4c7cebf0853d,C44557,403.84,2026-02-19T11:24:11.531042Z,APP_STORE
0101b4c0-8d60-4448-8dea-2d1a60297f6a,C40087,296.77,2026-02-13T15:49:08.531042Z,APP_STORE
12ad5c69-93b5-4fcd-b4b3-8a7090d0d503,C76048,63.02,2026-02-14T05:26:47.531042Z,STORE_23
e7dc5b42-4231-492c-8631-dce1f17e9072,C75917,353.46,2026-02-19T14:21:46.531042Z,SUPERMARKET
803f68fe-9c73-420e-99c0-1dc1e6a9d63e,C30837,379.19,2026-02-12T09:21:35.531042Z,SUPERMARKET
9cdcbbbd-db87-4929-8b3b-e292f398ae2b,C82661,370.28,2026-02-11T10:21:24.531042Z,GAS_STATION
d47bbbc0-71a4-4623-91ba-93c4adb44fb9,C57788,350.87,2026-02-20T04:49:36.531042Z,APP_STORE
034c46b7-84a7-4225-aaca-bdd17ac00b7c,C68335,458.27,2026-02-16T23:22:23.531042Z,SUPERMARKET
14e186b4-4448-4add-a068-2478b0ef388f,C34958,255.6,2026-02-20T05:50:37.531042Z,SUPERMARKET
da2349bd-506d-4562-bc5e-74b8570bbec2,C42491,253.75,2026-02-16T13:58:58.531042Z,ONLINE_SHOP
2e73e2ca-60ac-4d3d-9cfa-d342958ba2d4,C85436,76.72,2026-02-11T22:41:33.531042Z,ONLINE_SHOP
2c05eb8e-4693-40ad-91e0-8094c2b6e2f1,C58206,342.62,2026-02-13T07:50:59.531042Z,STORE_23
157bae22-6e4f-4f99-94c5-f98dfc40a7b8,C35421,418.83,2026-02-16T00:12:04.531042Z,GAS_STATION
22ec5490-55f1-4d79-a07f-886e1c8fea8f,C61509,141.51,2026-02-15T18:42:40.531042Z,STORE_23
f2cc1939-884e-4a23-9a24-89fd82dc7264,C98992,180.45,2026-02-19T20:19:02.531042Z,STORE_23
af09440e-e644-4a6a-8e1b-64a07f1a0c80,C13276,444.09,2026-02-13T09:09:38.532042Z,ONLINE_SHOP
7a302eb9-c592-4771-aad7-7896872021ba,C15289,474.03,2026-02-19T14:22:31.532042Z,RESTAURANT
5c012bcc-648f-47a5-bacb-80779e7e4b1e,C68103,61.99,2026-02-13T04:52:11.532042Z,SUPERMARKET
1c30829e-8645-45eb-935a-656780b670d3,C39209,167.37,2026-02-11T21:36:24.532042Z,APP_STORE
d4208e1e-790e-4252-861d-7b512c8a1836,C25157,68.0,2026-02-14T09:48:36.532042Z,STORE_23
98216cdf-074b-4a9d-924c-d1580bb74096,C43356,312.19,2026-02-14T01:07:40.532042Z,STORE_23
9e9b1f84-2ba9-4db2-b3b2-dba74838427f,C71674,321.59,2026-02-20T04:11:11.532042Z,STORE_23
97fd56c7-0962-4ff8-8ca5-ab297c4cacbd,C14484,121.61,2026-02-14T13:52:17.532042Z,APP_STORE
eb3160df-f7cd-4a5a-8bad-924cf343fd1a,C96952,442.68,2026-02-15T01:50:58.532042Z,STORE_23
9ec98337-d715-47b4-b2ca-225200fb2c5c,C54689,208.01,2026-02-16T18:24:35.532042Z,RESTAURANT
7a6abe19-a2fe-403a-9581-b3a9efd40cd4,C95983,344.92,2026-02-17T19:27:09.532042Z,APP_STORE
8425c69b-b952-43e9-a6a3-cc894fc9794e,C56292,257.34,2026-02-16T08:59:51.532042Z,GAS_STATION
dfa504e1-45be-4220-8967-b25fefb038fd,C35626,217.03,2026-02-14T11:20:27.532042Z,SUPERMARKET
ad763ee2-ce7d-41c1-a400-8db55e4d8caa,C60653,171.63,2026-02-13T08:12:12.532042Z,ONLINE_SHOP
95f1f0bf-d9b6-4742-8a58-b033dc004987,C47506,209.42,2026-02-18T14:03:17.532042Z,APP_STORE
8458e6d5-90a7-430e-89ac-03e6aa060c5b,C10728,155.43,2026-02-16T11:23:43.532042Z,RESTAURANT
fef5026a-054a-4f5f-a906-375415984faa,C59151,200.99,2026-02-15T09:48:07.532042Z,ONLINE_SHOP
a07e4c03-aa0a-4449-8529-a7987b0b6a3e,C17084,263.53,2026-02-15T01:07:22.532042Z,SUPERMARKET
3de7e4ce-a902-453e-886f-712a1b7f37c0,C11002,231.28,2026-02-15T09:02:34.532042Z,SUPERMARKET
6104a174-ad41-4520-bedd-fb49f5cd1caa,C20817,0.0,2026-02-19T06:08:39.532042Z,SUPERMARKET
4a204503-f8dd-4f3b-8cad-f2d28e41e5d1,C57728,432.42,2026-02-21T02:17:22.532042Z,SUPERMARKET
14e30fc8-257a-49fb-80f3-2fd89354df40,C70885,0.0,2026-02-13T21:09:56.532042Z,APP_STORE
31e256e6-110f-466f-ab9f-186cf19c37d9,C79693,495.13,2026-02-15T01:30:46.532042Z,ONLINE_SHOP
ed7a7323-7d9c-4606-9e8a-5f0becd961b9,C99385,252.71,2026-02-16T14:31:11.532042Z,ONLINE_SHOP
0d2b8441-2bfa-443d-bba9-ca5d0bf702bf,C92132,472.53,2026-02-14T16:09:35.532042Z,SUPERMARKET
d8a5648e-47ce-40a5-bf8d-104b70b01bed,C42873,107.06,2026-02-16T19:26:45.532042Z,STORE_23
dc55719c-c5ec-41d9-9290-6ac822714371,C45549,260.74,2026-02-20T01:09:53.532042Z,RESTAURANT
38accb47-63c8-4740-9056-45972c87811f,C94772,320.36,2026-02-14T17:34:58.532042Z,STORE_23
475aada0-4b99-4c64-9753-3c12dca5833f,C10616,423.86,2026-02-20T04:17:27.532042Z,STORE_23
14c33bac-07ad-41ce-a3c3-da74ddfbc2af,C91932,102.65,2026-02-19T07:56:24.532042Z,APP_STORE
0df274af-70dd-4546-b1c1-7a291c895196,C70281,91.14,2026-02-15T00:59:35.532042Z,SUPERMARKET
d4ea505f-f1c5-4923-ad7d-144e9a969a2e,C48141,279.25,2026-02-19T03:52:49.532042Z,SUPERMARKET
0474088c-9179-4925-a23e-5928fdfdd546,C75202,160.36,2026-02-13T09:34:27.532042Z,SUPERMARKET
8ddf2d21-c44f-4df1-b96b-c61b2516221c,C56076,100.01,2026-02-16T11:58:34.532042Z,RESTAURANT
08c71322-ed2c-4634-82bf-513fcf71a171,C71769,37.68,2026-02-13T20:43:53.532042Z,GAS_STATION
21e6d153-fd1e-4c09-a6f6-b859aa0e6ff1,C65139,453.47,2026-02-13T13:17:00.532042Z,STORE_23
0f6f0dbb-5a29-4db9-8c15-3f9912ad7404,C95486,114.11,2026-02-16T10:10:21.532042Z,RESTAURANT
e1125fd9-ba87-47a6-854c-9e3e0b25a13e,C66843,490.49,2026-02-15T02:21:09.532042Z,STORE_23
f0ff49a6-29c4-4521-80be-829ff685e4c7,C95843,136.63,2026-02-15T11:08:38.532042Z,APP_STORE
e3bc94e5-853c-49f9-b92a-9fa341c4c5ad,C15139,429.5,2026-02-19T02:13:50.532042Z,RESTAURANT
5bf23737-14ba-412d-ae02-f678fa6efe47,C39452,446.07,2026-02-20T02:20:16.532042Z,GAS_STATION
feb412f2-8bd0-4210-842b-2f93bf8a5878,C78146,145.14,2026-02-11T12:53:44.532042Z,STORE_23
88b6a14e-f21e-4d2e-97f5-37f7ac860630,C16961,184.89,2026-02-19T16:43:08.532042Z,SUPERMARKET
abdcbabd-5c38-4309-9ad6-8c2471cad1b6,C81085,105.52,2026-02-12T23:10:49.532042Z,STORE_23
591b0924-dc36-4c20-9a16-ac49da80220b,C59291,113.65,2026-02-18T01:33:54.532042Z,APP_STORE
ab966d3a-e648-490d-a53a-67874161c5ec,C25413,78.76,2026-02-12T15:22:19.532042Z,SUPERMARKET
106ff574-9264-4c3f-8d8c-be3a70ed0fc5,C55315,475.72,2026-02-16T07:59:06.532042Z,SUPERMARKET
235c8571-11c1-4973-9fd6-58bca15ee5dc,C79859,133.78,2026-02-13T04:39:26.532042Z,SUPERMARKET
71504c4c-0861-4d2a-9b6b-71666ecd7dc5,C13935,243.61,2026-02-20T21:38:23.532042Z,STORE_23
aae0b428-0fe9-4732-81c1-70bdd766a365,C76242,461.81,2026-02-15T03:28:18.532042Z,APP_STORE
471145f6-5ac8-490a-aa58-992276e9cba1,C57561,192.54,2026-02-15T12:04:29.532042Z,RESTAURANT
c4e6f23c-37df-4e59-9b18-5316dd940043,C12430,313.6,2026-02-18T19:52:27.532042Z,SUPERMARKET
74604587-b5e8-4773-af24-ff75593a7a6c,C35474,422.38,2026-02-17T08:03:11.532042Z,RESTAURANT
833c5eeb-264f-4b47-bd0e-1abeed63bb6f,C23155,130.22,2026-02-17T12:46:03.532042Z,GAS_STATION
e93c1bf3-8e34-4abc-a00a-d9185072a32b,C63147,203.74,2026-02-14T11:45:13.532042Z,STORE_23
698aa72d-a010-44a6-95cb-7dc4aea3249b,C45563,377.26,2026-02-20T23:32:58.532042Z,ONLINE_SHOP
6bbccbf9-d260-4a3a-b71f-41c8ee4e30bb,C34505,133.91,2026-02-19T02:27:09.532042Z,SUPERMARKET
9af7d454-049b-41f1-9759-e7d8e4035f45,C36121,289.87,2026-02-18T05:34:45.532042Z,ONLINE_SHOP
0781c9db-167a-4135-9e49-cd626c699d32,C79393,488.54,2026-02-19T09:40:57.532042Z,SUPERMARKET
9d8cd499-9ade-401c-a577-c967e7e6b821,C82506,301.61,2026-02-12T20:22:14.532042Z,ONLINE_SHOP
571f04ee-3dea-4c84-a9a8-b888308eed68,C96235,487.78,2026-02-12T11:56:07.532042Z,GAS_STATION
9608d225-1d92-423d-9962-76175b5941c2,C31200,-10.5,2026-02-20T00:09:37.532042Z,STORE_23
8b8b3e89-f8fe-4ef3-917f-1daa6f8ca234,C34102,-10.5,2026-02-14T07:08:07.532042Z,STORE_23
29a62284-90e5-4639-8e1f-2d62c6a163b6,C32815,376.33,2026-02-11T06:52:43.532042Z,SUPERMARKET
faad7094-26ba-4905-aa13-c15b8993c303,C90209,494.66,2026-02-11T18:46:00.532042Z,ONLINE_SHOP
72cff727-bc81-4ddb-ab6e-8f077cd3c3d5,C96117,134.01,2026-02-19T08:32:27.532042Z,ONLINE_SHOP
d5e85257-4c5d-4e9a-9b34-c3a71fabeec4,C47444,439.44,2026-02-16T09:52:09.532042Z,GAS_STATION
f5e61fea-dbd5-4941-9c55-cd5a9db2bd7d,C20242,478.37,2026-02-14T23:08:28.532042Z,GAS_STATION
e10e1cc8-6c07-4390-bdec-f530d1396ea1,C92044,47.61,2026-02-18T10:41:01.532042Z,APP_STORE
02fd24ca-4567-4bb8-aa9d-2dd2bfaf3671,C65092,83.13,2026-02-20T22:17:09.532042Z,ONLINE_SHOP
88f52c08-bd86-4ef7-87c4-500f1a04dd6f,C10824,81.06,2026-02-14T10:51:06.532042Z,APP_STORE
18775ae9-72a2-4bf6-ae24-4bff86c48bf4,C68760,486.39,2026-02-14T21:36:49.532042Z,SUPERMARKET
dd7c9492-6752-4d7d-8ab7-1bf54926348a,C47147,306.26,2026-02-18T02:18:47.532042Z,GAS_STATION
4bf3dec0-d5cf-457a-983e-9c56b2f03aa7,C64823,-50.0,2026-02-15T13:36:15.532042Z,RESTAURANT
1215b86d-994a-4e84-b793-a8be42c45dac,C81719,435.92,2026-02-16T22:57:37.532042Z,RESTAURANT
c0693118-490b-4306-a9be-fa817cae78e7,C33492,-10.5,2026-02-16T20:52:43.532042Z,ONLINE_SHOP
ec29e364-856a-405e-88de-41af24a427b1,C25116,160.03,2026-02-15T01:10:01.532042Z,SUPERMARKET
a63a9c5b-e30b-4d4b-9775-730f1f3ccf59,C88064,0.0,2026-02-19T09:40:41.532042Z,APP_STORE
de6470f2-f410-4a17-82d0-1e2a8f35c399,C83934,299.1,2026-02-18T21:27:26.532042Z,ONLINE_SHOP
191761ba-f439-45c7-be2b-8c751c6e9fed,C83224,427.15,2026-02-20T18:17:04.532042Z,RESTAURANT
b621e4a1-6759-4b18-8c79-9aeaa84f2936,C69507,64.34,2026-02-16T09:31:50.532042Z,RESTAURANT
b7dc70c1-46e5-4c6d-bbd7-415e7ecd1267,C42947,233.82,2026-02-13T03:22:12.532042Z,SUPERMARKET
25ea89e4-1dc0-4533-8784-f4695ccec193,C25121,149.91,2026-02-18T05:10:17.532042Z,STORE_23
9a4aba00-4331-4984-9132-599f338b4c5a,C38435,34.54,2026-02-19T17:16:35.532042Z,ONLINE_SHOP
2a27e2f1-eee5-47d5-9e47-ab57550041a3,C74513,203.66,2026-02-11T18:48:42.532042Z,APP_STORE
d2710feb-e261-4dd9-a36e-d72e5ec788a7,C17565,361.04,2026-02-11T21:19:44.532042Z,STORE_23
cfe03978-7dab-458b-b99c-6e5e7d9637c0,C43298,330.87,2026-02-18T23:13:53.532042Z,STORE_23
34d61ff6-45fe-4862-b5c5-6d052abacd09,C14705,296.91,2026-02-18T18:26:16.532042Z,STORE_23
95fb1934-f2fe-4d79-93a2-dd9c1af429bf,C12560,375.16,2026-02-16T12:07:04.532042Z,STORE_23
8400c18a-60f5-4abf-85d0-9827d85bd012,C76383,-10.5,2026-02-16T21:14:59.532042Z,ONLINE_SHOP
82120991-7cbd-4876-96f1-27f64ff29535,C32707,151.82,2026-02-16T22:41:18.532042Z,SUPERMARKET
02cb0eac-576a-4b32-8b9a-cc546b5355cc,C61418,225.68,2026-02-13T08:54:24.532042Z,SUPERMARKET
640a8ae8-468e-43e1-86be-1be86c561dc3,C60764,124.83,2026-02-11T16:25:09.532042Z,RESTAURANT
07486050-a674-4da3-9e0e-ce161bca2613,C67922,432.43,2026-02-19T04:53:57.532042Z,APP_STORE
0f29612b-1e30-4ef9-a4f3-a922b61262a5,C18062,0.0,2026-02-13T18:35:00.532042Z,RESTAURANT
4ce9ab3a-54d7-46d3-b1aa-1be1ae9053dc,C21676,158.85,2026-02-17T12:51:45.532042Z,ONLINE_SHOP
515ec799-5926-4096-8b92-46ae509fb870,C18015,493.51,2026-02-17T16:36:23.532042Z,ONLINE_SHOP
ca4545c8-d30b-4aec-a474-d3e0269a0652,C76420,111.74,2026-02-19T03:16:34.532042Z,SUPERMARKET
0e23d2d4-1246-4bbf-8c2a-4fe235bf2561,C59105,215.25,2026-02-12T21:17:33.532042Z,ONLINE_SHOP
0e28b554-39e9-4128-97cc-6a6f561cb915,C20353,191.25,2026-02-17T03:21:31.532042Z,GAS_STATION
6ce75909-51dc-40c9-863b-7bedbd94d5e1,C31406,133.03,2026-02-12T07:03:19.532042Z,RESTAURANT
d95d3ea6-b837-4abb-b20b-8d2e13223020,C29956,474.08,2026-02-18T17:48:04.532042Z,ONLINE_SHOP
d9e96ec0-ffb8-48dc-a6b8-aefd0d9de2ee,C83258,302.96,2026-02-16T18:54:09.532042Z,STORE_23
e7fe3fd8-1ca7-4019-a387-23f08a96fcd3,C56578,182.92,2026-02-19T13:47:16.532042Z,SUPERMARKET
6ef7e6ef-ba46-479c-b354-eab0212057ea,C71106,137.13,2026-02-13T08:31:05.532042Z,GAS_STATION
a2ad9669-2a64-43e6-b548-5b85b5b3f44f,C86032,441.11,2026-02-14T20:16:58.532042Z,GAS_STATION
1fa49fa1-83a3-4909-9a63-eb83f9fef65d,C77768,212.91,2026-02-12T12:33:08.532042Z,GAS_STATION
01574bd0-fe80-4250-8c34-15de1b0b498b,C12254,83.47,2026-02-12T15:20:27.532042Z,STORE_23
c5a6ab87-95f2-4df4-8709-a2a7de11be89,C17580,330.9,2026-02-14T17:31:36.532042Z,ONLINE_SHOP
3ff82aff-e2cd-4308-8ce3-a494d5ae5fef,C64188,327.85,2026-02-17T05:49:09.532042Z,STORE_23
98ea5b4d-6592-4341-b3a7-29e02c731bb7,C65131,159.87,2026-02-14T10:13:04.532042Z,STORE_23
98987a81-1cc7-4825-9053-13231278c4ac,C70243,100.5,2026-02-19T05:33:05.532042Z,RESTAURANT
a492be23-c304-4cf4-a08f-5f7bd3e5b784,C35404,250.94,2026-02-11T06:56:47.532042Z,GAS_STATION
00b4eb7e-5ad2-4db8-99be-16bd4be02b67,C93586,17.07,2026-02-15T21:12:40.532042Z,SUPERMARKET
2a6719d5-8e92-4534-8411-dbadd73a152c,C21822,498.2,2026-02-19T03:46:13.532042Z,ONLINE_SHOP
d89cdf43-f7c6-4862-a7de-5283213db21c,C39304,374.04,2026-02-20T18:19:30.532042Z,SUPERMARKET
8eb7817d-d46a-47b7-9345-0bf43445de56,C33753,2.74,2026-02-20T03:02:26.532042Z,STORE_23
c5f10fe3-7e99-4f76-a590-feaa77579894,C47998,199.36,2026-02-20T10:52:24.532042Z,SUPERMARKET
bfd4c534-cb1f-48bc-9a90-c00aabdb341e,C19718,0.0,2026-02-11T20:47:50.532042Z,APP_STORE
9f589b40-4916-42ae-bcc0-c43a7d9fb243,C20591,449.29,2026-02-18T19:17:19.532042Z,APP_STORE
1848b1ef-4138-405d-88d0-8c5615b2fd8f,C42078,403.55,2026-02-12T01:11:03.532042Z,STORE_23
dab5e78b-c391-4b1a-9347-1ab436e576fb,C51478,388.39,2026-02-20T21:13:18.532042Z,ONLINE_SHOP
44b3cde6-e265-4cb1-bb03-999476fcedd9,C72472,484.49,2026-02-14T08:30:19.532042Z,STORE_23
20a8fac1-8976-4765-b902-6ec36bb68c38,C87696,-10.5,2026-02-17T02:12:43.533045Z,STORE_23
ebcee522-992c-468f-9fec-74dfb1144a84,C35827,287.17,2026-02-12T11:32:15.533045Z,ONLINE_SHOP
7d8db546-3249-49f3-841e-ebf20bddb6c9,C84174,264.29,2026-02-20T03:05:21.533045Z,STORE_23
768a73b9-6438-4e1a-ac12-2a5e2549ef6d,C78347,310.94,2026-02-12T07:21:16.533045Z,STORE_23
8912b651-78c5-40f0-b443-f6697d210e5b,C45256,488.1,2026-02-16T13:14:24.533045Z,ONLINE_SHOP
6b8a12cd-e48f-46fe-a789-129130fe57c6,C47481,160.53,2026-02-13T16:47:54.533045Z,ONLINE_SHOP
dcbbdd2a-6a19-4aed-bd5d-a515e21a9e63,C96804,197.89,2026-02-20T11:20:01.533045Z,RESTAURANT
28b7ab86-8377-414f-9319-0ecec1b7f9d8,C76113,72.42,2026-02-20T08:00:19.533045Z,ONLINE_SHOP
f9b738c8-9a73-4765-ae5c-3fb424b93a3d,C73934,-10.5,2026-02-18T03:41:30.533045Z,APP_STORE
85711e27-45f7-4fd1-9d59-858cdd4136ff,C87275,464.17,2026-02-11T21:40:47.533045Z,RESTAURANT
7d6480db-ba48-4044-9364-f8556d6d1785,C95128,123.59,2026-02-14T03:46:26.533045Z,GAS_STATION
de910d20-6144-4459-af14-4e218c6f54fa,C21118,298.16,2026-02-12T18:06:59.533045Z,APP_STORE
659e57bd-f249-465a-b17a-835799048d96,C30123,320.38,2026-02-20T12:01:49.533045Z,SUPERMARKET
a382ed13-fda1-4583-a158-8c8d818feb3d,C72251,23.25,2026-02-13T12:46:34.533045Z,STORE_23
257294ff-2f2b-4ee0-9b58-4010199efc8b,C57110,-50.0,2026-02-18T07:03:44.533045Z,APP_STORE
52df5c3f-306c-4dd2-ab47-ba2f8294ee93,C22907,342.07,2026-02-11T04:28:38.533045Z,ONLINE_SHOP
76fa059f-577a-46aa-8f56-1c34e1161520,C61974,53.93,2026-02-20T20:55:38.533045Z,GAS_STATION
141f8641-f57b-44b9-8823-200ce1d2b8eb,C94927,206.87,2026-02-12T02:52:33.533045Z,GAS_STATION
21c0d2dc-7409-42ca-b5c8-6d36a29b4a17,C20164,234.68,2026-02-19T07:09:48.533045Z,RESTAURANT
58acacbd-86b2-414b-943b-3bad993bcf27,C29013,360.88,2026-02-19T19:44:45.533045Z,APP_STORE
68e00aca-c0c6-48b5-9bbc-904528d05481,C38835,495.34,2026-02-19T20:21:41.533045Z,APP_STORE
cbd29785-5b90-474a-80e5-b07548329802,C41641,-50.0,2026-02-18T17:40:39.533045Z,STORE_23
4320f040-79c7-4bf5-a389-895e38cf5c3f,C17060,480.37,2026-02-13T03:04:45.533045Z,STORE_23
07282801-3561-4164-8ed7-87520df70aba,C25855,387.6,2026-02-13T06:39:54.533045Z,STORE_23
b7794465-9e3c-488c-b5de-1874221bbf38,C22006,142.1,2026-02-16T20:50:04.533045Z,SUPERMARKET
bc50584a-f738-4cec-b08a-9f3071eee330,C42627,0.0,2026-02-17T03:42:40.533045Z,APP_STORE
32309d0d-bced-4a9a-bde4-bb7fefe486e0,C24178,25.37,2026-02-14T12:20:44.533045Z,ONLINE_SHOP
98704719-4329-4cd2-8704-d234620e5dee,C15764,414.08,2026-02-18T17:17:31.533045Z,APP_STORE
6f2a4a0f-1cd3-48e0-a74f-84b0ecc9e45d,C16726,366.85,2026-02-12T04:49:11.533045Z,GAS_STATION
2e661ae2-6c49-468a-a998-3ac6e25d57a8,C18213,144.99,2026-02-14T23:04:54.533045Z,ONLINE_SHOP
1cf27682-1acc-46f9-a9e1-2fea51130fed,C65078,466.14,2026-02-15T08:19:04.533045Z,APP_STORE
1cc3158a-5f03-4904-a3bd-f86eb28fdc46,C73083,82.59,2026-02-20T22:00:57.533045Z,RESTAURANT
63744343-5c5c-4f20-981e-7caad5d1d963,C11007,406.33,2026-02-14T03:08:22.533045Z,ONLINE_SHOP
25e36ab7-4174-4368-98f4-66882395eebb,C46702,428.6,2026-02-19T12:29:32.533045Z,GAS_STATION
60019ad6-674a-4c21-adee-6e46379a0aa4,C24563,143.75,2026-02-16T01:31:22.533045Z,ONLINE_SHOP
3c49aafe-973a-46c0-860a-239493adb12f,C12624,471.03,2026-02-12T06:33:54.533045Z,GAS_STATION
f6a1d1e6-06ea-49e3-b8a9-9058655165c4,C78098,306.76,2026-02-11T04:29:39.533045Z,SUPERMARKET
8caf3d96-39ba-403f-bcec-1719cb5427b6,C36028,406.9,2026-02-16T16:39:09.533045Z,GAS_STATION
46388399-2196-4c45-8cf1-0a0e8471f96a,C61338,147.74,2026-02-14T20:13:50.533045Z,SUPERMARKET
aeaafeaa-3bb5-4c3c-aec8-b45e49f6b1d0,C82573,18.99,2026-02-20T22:18:33.533045Z,APP_STORE
c7b9ac21-7639-4402-b142-c12e3233e8b7,C33049,417.45,2026-02-17T07:03:29.533045Z,ONLINE_SHOP
6c82e4a0-ca3f-4535-a63d-8a4b5a60e471,C21779,436.11,2026-02-16T12:43:11.533045Z,RESTAURANT
8b61fbd1-76aa-43a9-8279-a700d003fa3b,C86162,445.03,2026-02-19T03:47:08.533045Z,SUPERMARKET
ffcb2831-dc3c-4d6d-80f3-baa30580d0e7,C53029,96.46,2026-02-18T00:04:37.533045Z,STORE_23
2b5a293e-160e-4286-ac20-fa9fee2f2355,C26471,469.26,2026-02-18T02:16:01.533045Z,ONLINE_SHOP
289d8a23-87cd-4a8c-9c2f-2ef1aae58a05,C18670,242.11,2026-02-13T19:13:11.533045Z,RESTAURANT
7616c65b-c186-42e2-8dd6-3a2dfdba8c68,C35524,347.31,2026-02-12T02:55:36.533045Z,STORE_23
ce15143d-f717-42c6-91bf-6ecbb1f4863b,C55940,424.54,2026-02-11T20:18:54.533045Z,GAS_STATION
618fe852-4fec-478f-b01c-0dd566f7f039,C33444,155.91,2026-02-21T03:36:06.533045Z,SUPERMARKET
65b4f1e1-63ee-4f73-b1fa-f99743583ec4,C72350,65.18,2026-02-17T16:56:29.533045Z,SUPERMARKET
af7a02dd-d442-4baf-834d-1cf91f337c78,C40866,237.7,2026-02-14T16:58:53.533045Z,GAS_STATION
f7d7b75b-d9fa-401e-aadb-b59c50b8a052,C16468,397.86,2026-02-12T12:05:09.533045Z,RESTAURANT
e2b3d194-6d21-48df-bae7-e30de581ba8e,C15182,256.2,2026-02-18T20:12:14.533045Z,RESTAURANT
5ae46ea7-90be-4c44-9b02-42111a12ff8c,C88861,83.42,2026-02-18T07:20:33.533045Z,ONLINE_SHOP
e0cfb75b-9332-4299-a4a9-2203f666b008,C66926,145.35,2026-02-20T23:40:30.533045Z,ONLINE_SHOP
f80dd4b6-3667-40a5-a182-7e6c8e6596f1,C47219,120.45,2026-02-20T10:03:50.533045Z,ONLINE_SHOP
9e7ac1f5-f8d6-4491-b4a5-6421a20e6d88,C30786,173.0,2026-02-15T11:21:02.533045Z,STORE_23
25791b5e-7cc8-4c11-8f1e-5990f0e58f2c,C54395,492.22,2026-02-19T12:06:11.533045Z,STORE_23
da913648-6980-4db6-ba3d-9d6701020bff,C51050,406.88,2026-02-14T02:34:23.533045Z,SUPERMARKET
128782b6-80b3-41e0-b1b6-5b37d6806b7d,C80893,297.09,2026-02-15T14:47:30.533045Z,SUPERMARKET
c6430583-2e98-4fc9-93bd-ea2c9a7aa432,C35838,85.22,2026-02-18T11:13:52.533045Z,STORE_23
4dd0008d-971d-4083-adb3-319fdd3905b2,C98627,145.6,2026-02-12T19:12:36.533045Z,ONLINE_SHOP
74153751-5aca-4107-9000-f71c560aa18f,C60170,234.3,2026-02-16T07:14:11.533045Z,RESTAURANT
9e8caa5a-567d-456d-a3da-3373470e3a9a,C56453,0.0,2026-02-15T16:41:35.533045Z,GAS_STATION
163e8ab3-9c74-48fa-b476-1632dfb0e2e5,C59809,27.58,2026-02-11T15:22:32.533045Z,ONLINE_SHOP
fbb01f01-60db-4856-a07f-35cef4a3898d,C51186,273.96,2026-02-16T00:33:58.533045Z,RESTAURANT
e7377637-1b4a-4816-92a4-847f1b1d0b6d,C99212,330.24,2026-02-13T14:07:52.533045Z,STORE_23
3bfa88fd-2c57-4c0f-a459-71f06e19ae7f,C19111,432.99,2026-02-19T01:46:16.533045Z,ONLINE_SHOP
57032f32-3497-427c-8f2a-16ca48e8d3e7,C28315,278.61,2026-02-12T10:04:58.533045Z,RESTAURANT
94b65aa7-06f5-45e9-94bc-986bfe8f882c,C82289,132.48,2026-02-19T06:46:46.533045Z,GAS_STATION
ddaf2f6a-c04c-4394-8ae0-2514d6796f72,C26568,128.0,2026-02-19T13:21:04.533045Z,RESTAURANT
1524a717-81a4-4306-b581-26170babdacb,C44127,267.53,2026-02-18T14:24:41.533045Z,RESTAURANT
76948191-2b3e-4399-aacb-244796185580,C94164,445.19,2026-02-19T14:39:30.533045Z,APP_STORE
73800fee-fe04-42c9-af7a-8301f748fd10,C90969,236.25,2026-02-20T15:30:21.533045Z,SUPERMARKET
3b175ed2-63b0-4e4d-981a-ca2ee8437856,C66852,275.25,2026-02-11T05:59:44.533045Z,SUPERMARKET
097314af-7eab-47b3-95de-50cb0bab4de1,C23467,52.32,2026-02-13T09:53:12.533045Z,STORE_23
f66487f0-e838-4bbf-ad76-433441835201,C49807,0.0,2026-02-13T09:07:31.533045Z,RESTAURANT
ef2a5164-5350-4faf-b042-e4331da1bfd0,C62906,110.23,2026-02-19T02:46:59.533045Z,SUPERMARKET
217a21b8-2139-497f-8746-5291e2b289b3,C90326,127.09,2026-02-18T08:25:03.533045Z,APP_STORE
df25d354-b78e-4c8b-881a-2f21b35bd329,C95288,245.64,2026-02-18T04:02:16.533045Z,RESTAURANT
546b1f23-f45e-4ccc-876a-2af22d726d0f,C52886,382.82,2026-02-17T17:02:05.533045Z,ONLINE_SHOP
92ee0720-22d1-4a79-bac5-dc04dc41a5ab,C37577,0.0,2026-02-12T14:52:08.533045Z,GAS_STATION
d306c063-80a3-4588-b11d-08c2528e973c,C46550,-50.0,2026-02-11T17:03:20.533045Z,SUPERMARKET
0780659e-53ee-483d-b3a8-1db17f51532d,C17500,425.46,2026-02-18T02:30:33.533045Z,ONLINE_SHOP
fd580cfa-7507-4143-ae41-99099f2d6b7e,C92536,227.36,2026-02-15T21:29:30.533045Z,APP_STORE
f23d8a84-17f5-4375-9f23-be47c8e855f8,C90331,224.9,2026-02-15T00:06:28.533045Z,SUPERMARKET
ec2792d9-d2eb-4270-a880-5bb79ad08007,C64836,361.75,2026-02-20T17:27:42.533045Z,GAS_STATION
84ded768-f3d3-4c1d-a545-7bdf9b1b88ee,C44425,59.46,2026-02-15T08:58:07.533045Z,SUPERMARKET
1f906044-05a7-4a2e-a27c-08fb7fcce17c,C88666,410.49,2026-02-17T00:14:20.533045Z,STORE_23
4ce39b37-aecd-476f-9400-87a3d5bf6e0d,C44900,450.38,2026-02-15T07:44:13.533045Z,GAS_STATION
d972919c-8473-472a-aaf3-08cce3c6324c,C27134,277.1,2026-02-13T19:54:42.533045Z,APP_STORE
34c921a3-a6da-42d7-9231-37a2726ddb1f,C70841,45.62,2026-02-15T13:23:07.533045Z,ONLINE_SHOP
7129576b-4c6c-4d28-ba3e-a0720d96e6ad,C16538,439.24,2026-02-14T15:08:09.533045Z,ONLINE_SHOP
a7ccacbb-fcee-4dec-ae9f-7035b3ea4004,C82295,218.39,2026-02-16T07:50:42.533045Z,GAS_STATION
2f9b4ba0-1b30-4f48-b414-02a3b2490ebd,C23211,124.58,2026-02-15T06:40:21.533045Z,APP_STORE
b48ec831-5d68-45d8-b391-09fc5b5d1bee,C97973,491.03,2026-02-16T02:00:17.533045Z,ONLINE_SHOP
36cede1d-167f-4c35-8bde-bd164fcd5cf7,C30601,54.8,2026-02-20T20:18:27.533045Z,APP_STORE
50c1f650-0eab-4ef9-9f47-15dc2993a154,C75988,293.24,2026-02-11T19:48:52.533045Z,ONLINE_SHOP
c1ea2458-4526-4bcf-9fc3-0a0da6a7f4b3,C85166,174.4,2026-02-14T12:00:43.533045Z,SUPERMARKET
2d8a2b99-095e-48f0-95f6-d08939884a11,C32720,102.82,2026-02-13T06:20:20.533045Z,GAS_STATION
a896c072-ce86-4ee9-92d3-ed0d640f11c7,C82589,71.88,2026-02-16T08:21:52.533045Z,SUPERMARKET
4961504a-65e9-49cc-9e23-543d6f085835,C49343,494.95,2026-02-21T03:31:25.533045Z,STORE_23
6ec5aa5c-484c-45ca-940d-6b9b0128c68f,C18074,37.33,2026-02-17T11:18:02.533045Z,RESTAURANT
31ca38c4-4628-4715-8575-908e1ed118cc,C44770,185.02,2026-02-15T13:09:48.533045Z,SUPERMARKET
b4cfbe6b-a9f4-4e6b-b952-d5d019b9dccf,C14999,171.0,2026-02-20T05:54:39.533045Z,RESTAURANT
eb952ad4-47ce-4881-8ff3-48662bdbd8b8,C16050,416.69,2026-02-17T05:43:27.533045Z,SUPERMARKET
edbbde7e-63fb-48c0-b92c-e40dcc7a0e5b,C93151,0.0,2026-02-11T07:47:20.533045Z,ONLINE_SHOP
f1f432b6-bd3f-4077-bdfb-2ab638728543,C20457,465.57,2026-02-13T06:00:55.533045Z,STORE_23
680d4e20-286c-401d-812f-4bc92ec2b791,C24296,429.94,2026-02-15T21:54:20.533045Z,ONLINE_SHOP
f3bffb51-773f-4a32-8b99-8e609cd9b235,C87621,495.4,2026-02-20T13:28:34.533045Z,GAS_STATION
2f1a2ff7-7d95-45cd-8fd0-e0093a7e6370,C87307,0.0,2026-02-19T13:18:58.533045Z,SUPERMARKET
e4035801-74ad-431f-a3ae-3509d95809ca,C42703,225.02,2026-02-12T13:46:29.533045Z,STORE_23
a6ecbd1e-22db-40eb-bfbb-8734eb4cf3fb,C16469,447.89,2026-02-16T02:34:53.533045Z,ONLINE_SHOP
df456314-a47e-4999-9780-944d65ac0c61,C74167,364.02,2026-02-18T11:09:50.533045Z,SUPERMARKET
17d7ee54-05d2-48b3-89df-458075e84a07,C12783,424.18,2026-02-14T02:01:13.533045Z,ONLINE_SHOP
72b92ac5-3af6-43b0-959b-ba7dfeb26b7a,C78372,0.0,2026-02-20T07:49:17.533045Z,RESTAURANT
73daf339-c698-407e-abb4-715bb2680368,C19469,2.86,2026-02-15T18:21:50.533045Z,STORE_23
e72c1adb-3d7a-4dfe-b3c5-ae1f37c33c52,C73095,61.95,2026-02-15T06:48:00.533045Z,RESTAURANT
e7f8b8e8-7554-4248-97e6-559e79583941,C37575,-10.5,2026-02-21T03:32:07.533045Z,SUPERMARKET
8a453307-92f8-4f8c-bb21-be722d08c7c2,C93398,193.67,2026-02-15T17:06:56.534045Z,RESTAURANT
5532aef2-60ec-4d5a-8c10-4d961728f972,C22204,0.0,2026-02-17T13:48:25.534045Z,STORE_23
962018d3-6e81-4b7a-ab8a-7d2aba265e0b,C91776,150.48,2026-02-12T17:18:38.534045Z,RESTAURANT
9d914109-0f1d-4409-bc74-7a0957ac28e0,C85448,476.18,2026-02-11T09:09:32.534045Z,GAS_STATION
cb9bf778-12b7-4bd1-bcf5-351330865cf2,C99381,113.08,2026-02-16T14:39:29.534045Z,SUPERMARKET
6ba0e0f8-fc71-48f0-a22e-de64caba96cb,C11817,101.62,2026-02-18T12:53:45.534045Z,STORE_23
82704af0-c7d0-4920-a688-1e893d3640a6,C57156,390.73,2026-02-13T07:00:14.534045Z,ONLINE_SHOP
4b13ae54-c4aa-4f3f-bf00-3a45cd121878,C51817,128.32,2026-02-11T07:10:34.534045Z,APP_STORE
aa3a1db3-2ae6-42c6-9af4-a457101ccb3f,C37798,400.76,2026-02-11T22:36:45.534045Z,ONLINE_SHOP
d7bbd23b-59ae-4aff-870c-812d2b101122,C22884,406.31,2026-02-15T14:31:20.534045Z,RESTAURANT
170ffc46-b559-402a-b4c5-759b747dce88,C43620,161.39,2026-02-13T19:13:17.534045Z,ONLINE_SHOP
e188563d-783f-42dd-90d5-57c120598d04,C54150,320.01,2026-02-17T17:13:48.534045Z,ONLINE_SHOP
f728d43c-d803-40db-aada-23e672843244,C20384,190.37,2026-02-15T04:00:52.534045Z,RESTAURANT
da986c11-4ea9-4092-89df-8612cf2d7af8,C14742,276.52,2026-02-12T14:42:25.534045Z,ONLINE_SHOP
59747873-473d-45af-87a8-94199837fabd,C92065,242.32,2026-02-13T01:24:37.534045Z,SUPERMARKET
a1f2b981-d8e9-4b57-939b-778b0df696cd,C36574,176.64,2026-02-20T09:17:26.534045Z,SUPERMARKET
a3a6a4ad-ef07-40ce-8c72-e64834efc19c,C52975,-10.5,2026-02-12T09:42:09.534045Z,SUPERMARKET
6012dd6e-a9f2-4844-9f21-f9b2c2521c53,C55927,94.61,2026-02-12T22:45:38.534045Z,RESTAURANT
cc0c34b9-530d-4b84-b7bd-9128f3d97dda,C19718,245.62,2026-02-12T20:16:26.534045Z,APP_STORE
fec3d37b-5163-43d3-8362-dde387e43916,C53713,45.71,2026-02-11T13:54:30.534045Z,ONLINE_SHOP
888e9217-f4a1-4832-9e1c-dd72bfc01aed,C52209,143.12,2026-02-20T14:05:43.534045Z,STORE_23
d4bbfb51-6583-4510-b2af-e72ecee4bdaa,C51098,463.25,2026-02-18T17:49:56.534045Z,ONLINE_SHOP
5187f0a5-ab2a-424f-b263-ebb77807f4ba,C72152,-50.0,2026-02-15T23:12:33.534045Z,RESTAURANT
c543de06-e42d-4190-a653-3f1123e49734,C98588,439.63,2026-02-14T07:18:13.534045Z,SUPERMARKET
009468b6-feb8-4d1e-b950-0beb6ba8bf4d,C33523,313.45,2026-02-14T08:03:48.534045Z,RESTAURANT
51830b69-4cb7-4c37-bd9c-1d6a9f136507,C71512,410.83,2026-02-20T05:03:53.534045Z,ONLINE_SHOP
21b47a1a-fbe9-4388-a79e-cdadc2d20105,C69807,101.81,2026-02-11T22:01:15.534045Z,RESTAURANT
76001e60-f52e-48a3-aa2c-3dbda9698189,C83853,470.44,2026-02-16T07:17:36.534045Z,STORE_23
babadf89-f8fa-4958-b9e8-de7c173853bd,C43220,138.29,2026-02-13T10:56:27.534045Z,GAS_STATION
1ce42aaf-d3db-4e27-81cb-92dae6a53080,C63921,34.24,2026-02-13T21:36:18.534045Z,GAS_STATION
1e67dfe8-542b-40c3-ae88-e88406965876,C73477,434.4,2026-02-17T04:54:54.534045Z,SUPERMARKET
7eac8384-f2d7-456c-8a21-ff28c5537c99,C88152,272.96,2026-02-11T08:48:00.534045Z,STORE_23
c622e172-10cf-4e71-a4c7-e0a3312f1b00,C70154,-10.5,2026-02-12T06:37:36.534045Z,STORE_23
5869a622-6f41-4b62-9c14-06ecbf560e3c,C16267,373.04,2026-02-11T23:00:58.534045Z,STORE_23
f9e7a4ab-4748-438b-92e3-1103540697d0,C45655,43.12,2026-02-11T11:43:00.534045Z,SUPERMARKET
eb30295c-9058-4900-923b-151958e015e1,C66543,221.91,2026-02-16T22:23:48.534045Z,APP_STORE
344d8ea7-addf-4895-ae2f-ced6b58f204b,C64037,437.47,2026-02-17T05:51:26.534045Z,RESTAURANT
4e5fb418-f5f7-4186-91fc-df59ce96d40e,C47688,-10.5,2026-02-16T16:56:36.534045Z,ONLINE_SHOP
99fcd9eb-763c-4bf1-8158-1f2a16078805,C80444,140.32,2026-02-19T05:34:12.534045Z,APP_STORE
ce6f132d-64a9-4981-a040-32b2de05dbd6,C14621,89.89,2026-02-20T22:02:12.534045Z,SUPERMARKET
122fd41f-7545-45a8-a67b-8bd3ef1aba56,C81572,462.78,2026-02-18T13:08:55.534045Z,ONLINE_SHOP
77eeeccd-f101-4967-9f4a-1a12dbdeed8c,C47538,454.91,2026-02-21T00:59:17.534045Z,SUPERMARKET
8cc55c3a-745e-4b9a-8872-8ef698d9221f,C88988,48.43,2026-02-20T20:02:35.534045Z,GAS_STATION
347d9b4d-eebf-41d4-ba58-cef6c4618948,C61966,35.26,2026-02-13T09:29:02.534045Z,STORE_23
d5d880d9-0474-44c7-a130-dab62d47cb58,C38466,388.97,2026-02-14T08:33:00.534045Z,SUPERMARKET
e0fd5c94-3ef1-48af-8e86-f10808cfd0a2,C50861,39.87,2026-02-14T06:31:54.534045Z,GAS_STATION
94dc3e00-6b39-4c65-ab40-9db931c1775d,C97472,99.81,2026-02-18T08:14:14.534045Z,APP_STORE
32199d04-ee3b-4bb5-ac7a-936194e84c6f,C52544,348.07,2026-02-15T16:52:39.534045Z,ONLINE_SHOP
0634e3ae-b6fb-4f80-950c-7e7f8de30663,C20620,179.73,2026-02-19T03:43:25.534045Z,STORE_23
53fd802d-f4eb-407d-9532-2d47a05ea437,C52413,329.15,2026-02-15T04:12:03.534045Z,APP_STORE
95cd3305-bf97-4aee-ac6a-9ed0e8bfea9e,C52286,301.23,2026-02-11T22:44:22.534045Z,APP_STORE
0d637cc5-5da5-4125-aaeb-ca79f739a19b,C75800,13.97,2026-02-14T19:48:41.534045Z,RESTAURANT
6d4ca4e3-cb7a-4bab-8e57-53908d24896c,C67316,57.27,2026-02-14T02:38:12.534045Z,SUPERMARKET
f69bd876-5fc4-48ee-8b09-7a395f026f24,C62786,-10.5,2026-02-17T18:26:58.534045Z,STORE_23
f4c1bf26-6d75-458b-a1bc-056e471d0187,C52571,245.21,2026-02-19T19:19:36.534045Z,APP_STORE
62939a44-abe2-469a-a1e3-d7ed5c1ddfa9,C73917,347.73,2026-02-15T13:02:08.534045Z,APP_STORE
9a664b50-5171-4693-8edd-04fd33c2a302,C85774,134.02,2026-02-19T09:37:02.534045Z,GAS_STATION
c1950795-51b4-4eb2-9699-038e0bd696e4,C13741,108.19,2026-02-20T07:23:30.534045Z,APP_STORE
e2f05a22-812c-4d3d-82dd-583b400ba531,C92837,3.96,2026-02-17T12:23:57.534045Z,GAS_STATION
a380943a-1382-4241-af52-f480fd3dedde,C16391,0.0,2026-02-14T01:56:21.534045Z,ONLINE_SHOP
5c314f90-5ea1-4f7c-84d1-254ed682d6bc,C18380,442.91,2026-02-15T02:30:09.534045Z,APP_STORE
9b7a342f-01ec-4346-8492-72323a6c50f9,C25671,329.12,2026-02-20T01:46:01.534045Z,SUPERMARKET
db9640f7-cddd-4e61-95ee-74aa5a7d9fe2,C43277,391.62,2026-02-12T14:34:49.534045Z,SUPERMARKET
26d7c18f-2694-467c-a1f4-22b31b0ce5e8,C57413,334.23,2026-02-11T21:57:06.534045Z,GAS_STATION
c1c9ef0d-dbe6-42b0-999e-ac7868c74dcc,C43143,-50.0,2026-02-18T15:49:36.534045Z,RESTAURANT
0b21da75-eebf-4889-8571-b1f2a2c0e5be,C94432,255.26,2026-02-15T07:25:54.534045Z,RESTAURANT
77a38138-521c-401d-9d4e-386ebab11712,C13376,258.82,2026-02-17T20:30:26.534045Z,ONLINE_SHOP
a63b63f6-0e7a-444f-b045-09732a16851c,C14720,253.81,2026-02-19T03:56:07.534045Z,RESTAURANT
9c7bb856-b8b8-48bb-a7ae-8bad9dadd37e,C21308,384.99,2026-02-20T11:35:11.534045Z,GAS_STATION
04062bcb-8c76-4a40-bba4-959b31decac4,C19222,183.53,2026-02-13T15:05:15.534045Z,GAS_STATION
f8a35f85-ebc6-4421-a942-09769847652b,C32159,407.2,2026-02-19T02:44:16.534045Z,RESTAURANT
bac21e40-7bde-41a1-a264-be69f795e2da,C26353,-50.0,2026-02-13T23:12:52.534045Z,STORE_23
471f38b1-f747-4eba-8c4d-b365452857f2,C24600,226.71,2026-02-14T16:38:07.534045Z,GAS_STATION
ff20b4e0-23a1-4692-9e32-3721c279e8fb,C46987,150.52,2026-02-17T07:24:33.534045Z,STORE_23
c534b6ba-4f66-4a5e-80a9-63671afc8a0b,C49772,76.43,2026-02-12T09:55:00.534045Z,GAS_STATION
f7d63f98-62d0-48bf-9f32-7cbd517ade62,C26240,395.75,2026-02-16T07:47:13.534045Z,RESTAURANT
465b08cb-1337-4852-a359-bd658d3221a0,C26030,70.11,2026-02-13T05:55:53.534045Z,STORE_23
b2e3414b-f390-4614-8611-75be8f552e4f,C95875,217.91,2026-02-17T23:13:06.534045Z,SUPERMARKET
3fc30c2a-c31d-4c55-8982-708f048dec1c,C99677,467.62,2026-02-19T11:49:03.534045Z,GAS_STATION
d3ace5c8-e8cf-421d-b0f1-28281429c162,C60627,-10.5,2026-02-17T04:48:48.534045Z,RESTAURANT
9120ecb8-351c-49d4-9fcd-6dc0225796e0,C19932,85.88,2026-02-15T09:05:08.534045Z,SUPERMARKET
115738a4-1f18-4131-afde-3ebb0f2991ef,C18247,9.52,2026-02-14T02:34:36.534045Z,GAS_STATION
f7828c44-5f87-4777-be9d-20eec6909254,C21218,-50.0,2026-02-19T16:43:36.534045Z,ONLINE_SHOP
35614670-9a68-467e-9c37-7e90e8764c7c,C83089,0.0,2026-02-11T11:28:54.534045Z,GAS_STATION
8780e8cd-ddac-4824-99d2-03c78a1acb1f,C54767,420.07,2026-02-20T20:55:08.534045Z,ONLINE_SHOP
b9515210-c7fc-4da6-9d58-10bf79e57382,C53247,186.72,2026-02-20T17:00:44.534045Z,RESTAURANT
c4e10d4c-f5e9-4bf8-a2fa-457b0835cf93,C96082,386.58,2026-02-12T22:13:52.534045Z,SUPERMARKET
796b17e5-e8c0-4f3f-84c1-72b19014f7a6,C17672,327.68,2026-02-15T04:11:40.534045Z,APP_STORE
9bd4eeb4-1afe-474d-83b6-fd1db61b25bc,C47216,404.53,2026-02-20T06:10:21.534045Z,ONLINE_SHOP
da1ae099-efef-4c57-abc6-6808f4c8795d,C51598,421.58,2026-02-12T22:20:19.534045Z,APP_STORE
d4179d80-add2-48e6-b8e8-431d6a2bccb9,C69308,96.15,2026-02-16T02:12:57.534045Z,APP_STORE
5acd4f43-c6f1-497a-a556-844a442e13dd,C64138,38.88,2026-02-11T04:29:10.534045Z,ONLINE_SHOP
ba3d42d9-0f5a-4546-bf7a-3e379af6ddf1,C43339,103.76,2026-02-17T04:05:33.534045Z,SUPERMARKET
5c4b73fb-f571-4598-bffd-ddc20fa6e14e,C41167,377.57,2026-02-19T23:18:19.534045Z,SUPERMARKET
cf7e500d-1dd8-4f7b-be37-fb4ba8de68ae,C51847,263.08,2026-02-16T13:17:42.534045Z,GAS_STATION
82ab9f9f-38ea-42fb-8781-b5ddf0caa6f2,C12915,266.06,2026-02-12T07:14:13.534045Z,RESTAURANT
1da4be88-f6a1-429d-9219-5566c4d09f3d,C83998,492.54,2026-02-12T15:11:53.534045Z,STORE_23
61f32095-2e35-4e06-a393-a6362693b7e6,C85747,410.62,2026-02-18T04:47:19.535047Z,ONLINE_SHOP
50f3b5c8-cd75-450c-84f9-c0faa1faece5,C37058,188.61,2026-02-11T21:13:57.535047Z,STORE_23
f85b4157-dc53-46b0-9843-c6174c0f272c,C94398,198.61,2026-02-13T10:34:07.535047Z,APP_STORE
10555237-f4d6-4f2f-90b4-ba603f98fa37,C46564,451.44,2026-02-20T14:18:16.535047Z,GAS_STATION
04800a45-7def-4993-9f6a-8e27e1ce1adf,C24515,330.22,2026-02-14T18:49:33.535047Z,APP_STORE
f33931d2-85fd-4d30-ae04-7fd7fcb22cc8,C76165,452.96,2026-02-14T00:35:45.535047Z,SUPERMARKET
256e80d0-316b-4e78-893b-c7dd9cc8b819,C59187,134.21,2026-02-19T10:34:42.535047Z,SUPERMARKET
177bab4b-7137-48c9-8f10-44394b994d96,C98678,139.44,2026-02-18T05:04:55.535047Z,RESTAURANT
6f8446fb-d7ac-425d-a370-cc104cd25c92,C41131,178.72,2026-02-12T19:19:01.535047Z,GAS_STATION
76d7abf0-3465-482a-b6b8-ef6299dcac7e,C17054,62.77,2026-02-19T19:39:53.535047Z,SUPERMARKET
b0b6c769-7f11-4f93-b72c-6f04716b54c4,C19514,370.78,2026-02-18T10:10:05.535047Z,ONLINE_SHOP
9af7e7b9-0465-47a2-aefa-092719042531,C58766,381.31,2026-02-16T22:48:04.535047Z,STORE_23
5334b377-ea57-4079-97e3-20e03a60ca90,C90114,273.19,2026-02-20T16:44:59.535047Z,STORE_23
af9dc0de-1955-4bcb-9f58-e102ef7d215f,C39985,0.0,2026-02-12T22:53:51.535047Z,ONLINE_SHOP
1c61128d-091d-4803-833f-176897b23dbe,C26804,238.8,2026-02-13T06:46:23.535047Z,RESTAURANT
8117f51f-517f-41b5-925c-a21825787575,C94077,138.68,2026-02-12T22:43:00.535047Z,ONLINE_SHOP
6ffd2021-97eb-4d7f-90c5-866762e0cb2c,C56237,300.3,2026-02-14T18:49:47.535047Z,STORE_23
2d3cc064-3510-41d7-8b42-f317df2171fa,C29093,442.07,2026-02-13T21:11:25.535047Z,GAS_STATION
ac840131-7557-4df3-9867-03c0aa791694,C87795,181.56,2026-02-19T23:47:29.535047Z,APP_STORE
e5d21114-59b4-4c23-b766-f445a766216f,C49836,418.92,2026-02-16T11:39:06.535047Z,ONLINE_SHOP
bd63bbd3-cd2f-4228-a39d-205f9feee8dc,C34714,205.45,2026-02-15T13:23:43.535047Z,SUPERMARKET
f3383b52-9508-4e21-8604-9389f3540813,C14171,477.89,2026-02-19T06:02:36.535047Z,SUPERMARKET
10243f85-dbb8-42ce-bf0e-2b434330a4db,C34224,33.28,2026-02-14T07:13:04.535047Z,APP_STORE
bd4b989e-a427-4e2d-899e-0aaccb0a42cc,C32789,32.03,2026-02-17T22:33:46.535047Z,SUPERMARKET
20934e27-93f6-4820-b7fb-2f2f7f83c828,C88310,131.53,2026-02-20T12:44:09.535047Z,APP_STORE
03b8bf2c-49aa-439d-b48d-538400d39076,C97858,250.29,2026-02-15T13:32:03.535047Z,APP_STORE
6610ab90-36e5-4171-93c7-dbbf8fe02def,C74175,-50.0,2026-02-20T00:57:31.535047Z,STORE_23
fb89df1c-878f-4f63-a2da-f98c35feba21,C20612,485.28,2026-02-17T05:24:37.535047Z,STORE_23
76444f30-2672-4278-9aac-c7adbc403118,C74246,46.56,2026-02-14T01:20:40.535047Z,SUPERMARKET
1ccf9f13-190a-4ff6-af44-a30c3bf97b0d,C59847,319.42,2026-02-12T11:44:41.535047Z,GAS_STATION
9c8fe1c5-5de5-48e5-84ec-7aa5282a0371,C95768,163.61,2026-02-12T00:58:59.535047Z,GAS_STATION
1be9de59-1f3a-475d-a998-c8e91913b2fd,C89221,50.75,2026-02-14T14:26:53.535047Z,RESTAURANT
3f8a453b-054a-483a-832e-448c54588cf5,C64481,464.14,2026-02-12T00:00:34.535047Z,APP_STORE
fb25cd20-afd8-440b-909f-7ab7ceb72a36,C10203,180.46,2026-02-13T04:21:27.535047Z,APP_STORE
2fcc38b4-2129-4ef4-8d5d-dd62edd3773c,C51880,-10.5,2026-02-17T12:02:37.535047Z,RESTAURANT
f288eade-a00d-4b00-a700-aa4a52f8a71a,C36278,350.78,2026-02-15T08:40:20.535047Z,STORE_23
28f217e1-32dd-4f1f-910e-a5b567ed12d6,C21298,178.09,2026-02-12T05:08:44.535047Z,SUPERMARKET
a8aa7163-d00a-4943-b469-6773858d625a,C89100,417.06,2026-02-15T08:58:08.535047Z,STORE_23
2860dabb-8e74-4f2e-a3ed-f8c129c24dbd,C72155,201.03,2026-02-13T23:56:56.535047Z,APP_STORE
5d23934e-ca55-4c67-9f94-6dda83a72c32,C58764,37.44,2026-02-17T18:41:00.535047Z,ONLINE_SHOP
235a4c08-d172-40c8-a983-b9ec45d75e4c,C47999,169.26,2026-02-13T04:01:00.535047Z,ONLINE_SHOP
8967ba4a-8dec-4c0c-bc51-08c6a3cfa369,C86958,105.55,2026-02-16T02:58:46.535047Z,SUPERMARKET
42f8dfb1-8810-4a1b-9445-0255601c1460,C38320,364.49,2026-02-18T23:44:32.535047Z,RESTAURANT
b5802990-6f7b-4725-83d5-8a2a392c88ed,C84887,359.7,2026-02-19T12:17:13.535047Z,GAS_STATION
f8f4ef07-55b7-47fd-95a1-e0bb7f828adc,C10721,364.29,2026-02-20T01:43:26.535047Z,GAS_STATION
c8661ebb-097c-41c7-a5ca-51648cc6e594,C96096,31.32,2026-02-18T12:38:07.535047Z,GAS_STATION
ab433c07-aaba-4a40-b18b-4640b2ee53a8,C49875,256.78,2026-02-17T06:32:12.535047Z,APP_STORE
32e5fcb9-9452-438f-82f0-c710d77c5111,C15537,266.32,2026-02-12T22:48:26.535047Z,ONLINE_SHOP
c82d91f3-b530-41cd-af01-faf9d23234eb,C32808,-50.0,2026-02-17T06:15:07.535047Z,ONLINE_SHOP
085ea4ec-06af-4add-bfa8-81461fde19fe,C21541,231.23,2026-02-13T19:04:43.535047Z,STORE_23
d54048c3-2ce6-4605-881c-23afcb359a0b,C58846,22.73,2026-02-20T02:16:24.535047Z,RESTAURANT
b877a73d-858e-42e6-a986-47fa0f4033d0,C96997,101.79,2026-02-14T22:13:54.535047Z,GAS_STATION
d4de1e5b-fe30-4ff6-8194-3596dfc1efb2,C38933,-50.0,2026-02-14T01:41:56.535047Z,STORE_23
2295fb90-f5fa-461b-b7bd-ddf636931eb2,C42585,229.33,2026-02-17T19:36:52.535047Z,GAS_STATION
436748c4-3521-4481-8aa5-52a394368396,C37860,351.14,2026-02-11T16:35:09.535047Z,APP_STORE
d6b2acc7-7d2f-473b-98b1-b85de61a6e3a,C12546,73.13,2026-02-19T14:23:21.535047Z,RESTAURANT
727d4713-7d55-4d36-95f2-8b6c4d32688a,C85997,416.3,2026-02-19T09:54:28.535047Z,APP_STORE
4cd1403c-0299-4ee9-9e2e-09cc28ceebd2,C79315,390.24,2026-02-20T04:00:23.535047Z,STORE_23
163e70af-bc92-4555-b3c9-c31c1d823b08,C15445,459.1,2026-02-18T03:11:35.535047Z,GAS_STATION
f7d25b57-c28e-42c8-8cf1-26b389dba477,C97784,462.1,2026-02-19T08:08:09.535047Z,ONLINE_SHOP
7db4c9cf-bb82-4e27-87ec-993e8052fb05,C22036,259.19,2026-02-12T02:26:31.535047Z,ONLINE_SHOP
b61c3441-0a5e-4b7d-8d9b-25617747984e,C44129,-50.0,2026-02-19T14:24:08.535047Z,SUPERMARKET
68629797-498f-4149-8cc5-83a2e1592946,C28414,295.07,2026-02-11T14:52:50.535047Z,RESTAURANT
14847522-ec3e-489c-8c41-b45464ac8b31,C34177,175.72,2026-02-20T13:21:34.535047Z,SUPERMARKET
b7037aa7-2061-4f7e-8827-b4ac9e287cba,C71840,236.22,2026-02-19T03:24:13.535047Z,APP_STORE
97a8ac19-37b0-4aba-9404-496d9fb94370,C47872,252.23,2026-02-14T16:04:58.535047Z,SUPERMARKET
d4660cd5-ed83-4fee-98f8-c7e5966ef8b4,C82906,34.58,2026-02-16T18:24:26.535047Z,GAS_STATION
005377b0-6835-44cd-9eb1-6c2cfdabe777,C52150,28.88,2026-02-16T10:51:36.535047Z,GAS_STATION
71b84143-01b0-4eae-939a-13174f278dea,C15144,104.81,2026-02-21T01:41:42.535047Z,SUPERMARKET
acc0976f-0b4f-4bb3-a3e3-77d018dea73e,C96586,206.32,2026-02-14T23:07:08.535047Z,RESTAURANT
3975be0c-f3c1-42e6-8ae5-b09816d68245,C36206,145.02,2026-02-13T13:52:43.535047Z,RESTAURANT
75c4aa3d-1135-4bb0-8759-11bb6ed7efc6,C73197,298.13,2026-02-20T11:18:29.535047Z,SUPERMARKET
e87f27b2-667a-48db-bdde-54c60a7842a4,C77884,291.5,2026-02-15T16:55:46.535047Z,RESTAURANT
d09de19e-0adf-442e-80f8-3a8bacbc81a5,C97571,314.03,2026-02-18T14:55:27.535047Z,GAS_STATION
67aa8a0f-5aab-454a-86a5-ec246d6f2433,C72957,202.03,2026-02-18T12:35:47.536047Z,STORE_23
86547594-0c89-43fb-917e-940947fa776c,C18244,322.9,2026-02-13T16:00:05.536047Z,RESTAURANT
06f8f45c-2b9c-4f92-966b-19ff17454a05,C39941,-50.0,2026-02-17T11:40:40.536047Z,APP_STORE
3283d35a-5cdc-41c8-b9a4-38867a631c52,C55757,328.51,2026-02-14T19:41:32.536047Z,ONLINE_SHOP
f5ca9635-fe62-42dd-be96-6a06f5df39a4,C58025,116.9,2026-02-20T13:23:12.536047Z,ONLINE_SHOP
f0991674-72d5-4c7f-8eda-78f0f134cf2a,C15043,193.09,2026-02-19T22:00:47.536047Z,GAS_STATION
6de2391d-fa9e-4625-9061-7a96b73b2f8c,C44426,428.83,2026-02-18T01:25:52.536047Z,ONLINE_SHOP
df683bff-e541-4448-a4ce-baff630423d9,C28842,326.81,2026-02-14T23:53:33.536047Z,ONLINE_SHOP
19751b5f-11db-4a20-b1a4-067a92ee0a6b,C46620,305.01,2026-02-14T20:36:16.536047Z,ONLINE_SHOP
f23d8a84-17f5-4375-9f23-be47c8e855f8,C90331,224.9,2026-02-15T00:06:28.533045Z,SUPERMARKET
ce5c8113-f3f3-4c52-9585-61c9cd69ffe7,C50930,0.0,2026-02-15T00:41:01.528045Z,STORE_23
0d0ece21-d740-47f2-87f1-95be2a86d046,C37158,-50.0,2026-02-19T08:54:17.531042Z,GAS_STATION
3eec748e-a48d-4c74-9d95-e3579df897ae,C93112,262.71,2026-02-16T13:17:58.527037Z,SUPERMARKET
73800fee-fe04-42c9-af7a-8301f748fd10,C90969,236.25,2026-02-20T15:30:21.533045Z,SUPERMARKET
0cb26c8c-e486-48b4-98fc-c34ae5fbdc15,C22999,326.48,2026-02-12T04:57:05.531042Z,APP_STORE
7d8db546-3249-49f3-841e-ebf20bddb6c9,C84174,264.29,2026-02-20T03:05:21.533045Z,STORE_23
654b146e-fe41-44d3-94d1-2f3ea9ba3312,C32890,320.93,2026-02-12T20:31:31.528045Z,APP_STORE
32199d04-ee3b-4bb5-ac7a-936194e84c6f,C52544,348.07,2026-02-15T16:52:39.534045Z,ONLINE_SHOP
928786b8-88e0-4913-b6dc-459db9229a92,C49847,-10.5,2026-02-16T23:30:20.529044Z,RESTAURANT
a63a9c5b-e30b-4d4b-9775-730f1f3ccf59,C88064,0.0,2026-02-19T09:40:41.532042Z,APP_STORE
dab5e78b-c391-4b1a-9347-1ab436e576fb,C51478,388.39,2026-02-20T21:13:18.532042Z,ONLINE_SHOP
2f1a2ff7-7d95-45cd-8fd0-e0093a7e6370,C87307,0.0,2026-02-19T13:18:58.533045Z,SUPERMARKET
32e5fcb9-9452-438f-82f0-c710d77c5111,C15537,266.32,2026-02-12T22:48:26.535047Z,ONLINE_SHOP
903dac2e-f665-4b7a-b344-2d58cc295828,C67385,156.38,2026-02-15T16:07:21.531042Z,GAS_STATION
95f1f0bf-d9b6-4742-8a58-b033dc004987,C47506,209.42,2026-02-18T14:03:17.532042Z,APP_STORE
826c858f-d752-48c2-9cd0-aa4f543e8d6c,C21470,240.37,2026-02-14T15:35:08.531042Z,STORE_23
8967ba4a-8dec-4c0c-bc51-08c6a3cfa369,C86958,105.55,2026-02-16T02:58:46.535047Z,SUPERMARKET
cbd29785-5b90-474a-80e5-b07548329802,C41641,-50.0,2026-02-18T17:40:39.533045Z,STORE_23
bfd4c534-cb1f-48bc-9a90-c00aabdb341e,C19718,0.0,2026-02-11T20:47:50.532042Z,APP_STORE
c6430583-2e98-4fc9-93bd-ea2c9a7aa432,C35838,85.22,2026-02-18T11:13:52.533045Z,STORE_23
c90944d2-65c2-4968-8a92-6b63d379560f,C84360,217.59,2026-02-15T12:10:20.530044Z,SUPERMARKET
4bf3dec0-d5cf-457a-983e-9c56b2f03aa7,C64823,-50.0,2026-02-15T13:36:15.532042Z,RESTAURANT
d4ea505f-f1c5-4923-ad7d-144e9a969a2e,C48141,279.25,2026-02-19T03:52:49.532042Z,SUPERMARKET
de294610-815b-4f8a-85bc-3675d661aaae,C44014,-50.0,2026-02-20T13:27:29.528045Z,GAS_STATION
1fed5946-fc8b-4997-a7ac-07e224749b30,C39677,190.96,2026-02-17T01:14:01.529044Z,STORE_23
6172a006-4c6a-467f-a9b4-b1e5d952eea6,C30219,30.89,2026-02-13T10:27:45.529044Z,APP_STORE
f66487f0-e838-4bbf-ad76-433441835201,C49807,0.0,2026-02-13T09:07:31.533045Z,RESTAURANT
c86eb53d-4ba4-48d7-a6c5-165388218e29,C14635,240.88,2026-02-14T16:07:01.529044Z,APP_STORE
e10e1cc8-6c07-4390-bdec-f530d1396ea1,C92044,47.61,2026-02-18T10:41:01.532042Z,APP_STORE
1c61128d-091d-4803-833f-176897b23dbe,C26804,238.8,2026-02-13T06:46:23.535047Z,RESTAURANT
9f0f7ef5-be1b-4073-a5b6-2764bd9b482c,C16718,383.88,2026-02-13T16:55:39.528045Z,GAS_STATION
c4741949-7b8c-4e31-9832-a4c4320fa9a5,C71880,473.96,2026-02-14T17:23:27.530044Z,SUPERMARKET
c074789f-4c0d-4743-b228-b85a65c3e2ac,C79622,126.81,2026-02-13T02:52:11.530044Z,APP_STORE
6b21b18b-028b-4ba3-9963-1ec2e4893865,C80326,112.15,2026-02-14T03:04:16.529044Z,GAS_STATION
de910d20-6144-4459-af14-4e218c6f54fa,C21118,298.16,2026-02-12T18:06:59.533045Z,APP_STORE
21e6d153-fd1e-4c09-a6f6-b859aa0e6ff1,C65139,453.47,2026-02-13T13:17:00.532042Z,STORE_23
9c1284a8-de38-4806-98f5-99228db9164f,C91023,182.96,2026-02-20T13:43:45.527037Z,ONLINE_SHOP
3f8a453b-054a-483a-832e-448c54588cf5,C64481,464.14,2026-02-12T00:00:34.535047Z,APP_STORE
28b37864-5f82-4406-8ce7-05752b49ac30,C69422,46.22,2026-02-16T17:56:00.529044Z,STORE_23
ef2a5164-5350-4faf-b042-e4331da1bfd0,C62906,110.23,2026-02-19T02:46:59.533045Z,SUPERMARKET
31a3b619-9475-48c8-925d-61c3b85bbf8a,C93358,36.04,2026-02-14T03:14:56.530044Z,GAS_STATION
61f1a52f-85d5-4081-8980-aec794b17de2,C94701,452.68,2026-02-18T02:00:34.528045Z,APP_STORE
07486050-a674-4da3-9e0e-ce161bca2613,C67922,432.43,2026-02-19T04:53:57.532042Z,APP_STORE
3d2df4c0-7501-4787-8862-0d7230723742,C46900,457.88,2026-02-15T17:00:08.527037Z,APP_STORE
6ec5aa5c-484c-45ca-940d-6b9b0128c68f,C18074,37.33,2026-02-17T11:18:02.533045Z,RESTAURANT
00b4eb7e-5ad2-4db8-99be-16bd4be02b67,C93586,17.07,2026-02-15T21:12:40.532042Z,SUPERMARKET
d275ade4-9db4-4710-b474-f030b773851f,C21315,389.84,2026-02-18T08:54:11.530044Z,ONLINE_SHOP
a456c06a-9a7a-454f-9738-12654fed61b1,C52129,177.4,2026-02-14T14:50:53.531042Z,RESTAURANT
9162cabc-175c-4f56-a8db-f4d83a20981f,C99345,192.56,2026-02-12T19:23:22.527037Z,SUPERMARKET
d1ab551d-b05c-487b-9385-f02c44480377,C29647,213.69,2026-02-19T22:13:46.530044Z,ONLINE_SHOP
344d8ea7-addf-4895-ae2f-ced6b58f204b,C64037,437.47,2026-02-17T05:51:26.534045Z,RESTAURANT
1e69b5f8-97bd-4252-9f9f-0b4baa856963,C59018,445.99,2026-02-19T05:45:45.527037Z,STORE_23
25e36ab7-4174-4368-98f4-66882395eebb,C46702,428.6,2026-02-19T12:29:32.533045Z,GAS_STATION
7e79a9d4-c941-472f-ad8a-bf4a49d06621,C12126,162.25,2026-02-11T17:23:34.530044Z,SUPERMARKET
1a2ce2c0-1394-4bd9-ac2a-01a6d126eac0,C35232,50.24,2026-02-16T16:47:00.529044Z,GAS_STATION
1c9b7620-9b91-4a05-bb8a-7d4dbeb5b729,C80599,286.89,2026-02-11T15:01:54.530044Z,STORE_23
46fc27cb-ee22-42f5-bdb4-4f17292e1b17,C38613,245.39,2026-02-16T00:48:18.527037Z,SUPERMARKET
8a453307-92f8-4f8c-bb21-be722d08c7c2,C93398,193.67,2026-02-15T17:06:56.534045Z,RESTAURANT
cb9bf778-12b7-4bd1-bcf5-351330865cf2,C99381,113.08,2026-02-16T14:39:29.534045Z,SUPERMARKET
f85b4157-dc53-46b0-9843-c6174c0f272c,C94398,198.61,2026-02-13T10:34:07.535047Z,APP_STORE
0981ad45-9dc5-4102-9a13-f458eebc12ea,C55665,310.24,2026-02-15T13:51:40.527037Z,STORE_23
781e255b-b27d-4817-8cc3-b28f1337ec33,C48475,453.92,2026-02-16T14:46:15.528045Z,RESTAURANT
f69bd876-5fc4-48ee-8b09-7a395f026f24,C62786,-10.5,2026-02-17T18:26:58.534045Z,STORE_23
04062bcb-8c76-4a40-bba4-959b31decac4,C19222,183.53,2026-02-13T15:05:15.534045Z,GAS_STATION
50845553-53be-4394-9dea-ab8a9d38c0aa,C76384,433.87,2026-02-14T06:04:00.531042Z,ONLINE_SHOP
034c46b7-84a7-4225-aaca-bdd17ac00b7c,C68335,458.27,2026-02-16T23:22:23.531042Z,SUPERMARKET
120f3dc2-b1d3-4aa4-adc2-53a1ba70d854,C26256,-50.0,2026-02-14T06:57:29.531042Z,GAS_STATION
6ffd2021-97eb-4d7f-90c5-866762e0cb2c,C56237,300.3,2026-02-14T18:49:47.535047Z,STORE_23
28f217e1-32dd-4f1f-910e-a5b567ed12d6,C21298,178.09,2026-02-12T05:08:44.535047Z,SUPERMARKET
9ec8676f-009b-41d2-b04e-19e8e3f3da07,C60590,63.21,2026-02-14T00:34:30.529044Z,GAS_STATION
c0693118-490b-4306-a9be-fa817cae78e7,C33492,-10.5,2026-02-16T20:52:43.532042Z,ONLINE_SHOP
e2b3d194-6d21-48df-bae7-e30de581ba8e,C15182,256.2,2026-02-18T20:12:14.533045Z,RESTAURANT
902b30d9-1c8b-45cf-ae43-ccfcfe8fab9b,C50868,407.16,2026-02-18T21:15:44.530044Z,ONLINE_SHOP
95a41ede-cd85-4858-9c44-5bfd3903034b,C77192,471.63,2026-02-12T22:32:59.528045Z,GAS_STATION
ed7a7323-7d9c-4606-9e8a-5f0becd961b9,C99385,252.71,2026-02-16T14:31:11.532042Z,ONLINE_SHOP
618fe852-4fec-478f-b01c-0dd566f7f039,C33444,155.91,2026-02-21T03:36:06.533045Z,SUPERMARKET
9a664b50-5171-4693-8edd-04fd33c2a302,C85774,134.02,2026-02-19T09:37:02.534045Z,GAS_STATION
8117f51f-517f-41b5-925c-a21825787575,C94077,138.68,2026-02-12T22:43:00.535047Z,ONLINE_SHOP
ea5a3261-e9c6-4c4c-bcf5-6ccefa9f240d,C26967,267.54,2026-02-15T02:44:39.531042Z,RESTAURANT
f6a1d1e6-06ea-49e3-b8a9-9058655165c4,C78098,306.76,2026-02-11T04:29:39.533045Z,SUPERMARKET
fa50aac4-a638-4085-aeb4-a53d7bead7dc,C98268,4.44,2026-02-16T21:24:41.530044Z,STORE_23
3ff7dc6e-6cfc-4679-aaad-b12cc934b975,C24119,0.0,2026-02-17T02:46:24.527037Z,ONLINE_SHOP
74b1f6d5-fdb2-494b-9c92-928bcddea874,C97454,18.31,2026-02-14T01:49:42.528045Z,APP_STORE
8cd51568-a4dd-4994-8c3f-5b8fedc90006,C69654,330.92,2026-02-13T13:47:34.529044Z,APP_STORE
3cac3675-7aa2-44e0-b95b-cee51a79677c,C71438,-50.0,2026-02-20T23:57:23.528045Z,APP_STORE
b6cf7a57-d0b1-442d-b209-a605e4dceda4,C15531,237.41,2026-02-12T09:00:29.530044Z,GAS_STATION
98216cdf-074b-4a9d-924c-d1580bb74096,C43356,312.19,2026-02-14T01:07:40.532042Z,STORE_23
dfa504e1-45be-4220-8967-b25fefb038fd,C35626,217.03,2026-02-14T11:20:27.532042Z,SUPERMARKET
da986c11-4ea9-4092-89df-8612cf2d7af8,C14742,276.52,2026-02-12T14:42:25.534045Z,ONLINE_SHOP
20934e27-93f6-4820-b7fb-2f2f7f83c828,C88310,131.53,2026-02-20T12:44:09.535047Z,APP_STORE
93b283f5-ef98-43b1-b6c3-2a1a7f2b650a,C30456,0.0,2026-02-16T07:51:33.530044Z,RESTAURANT
71fce536-41df-4647-9f36-fbddfb5c87f3,C85398,473.42,2026-02-14T08:06:36.527037Z,ONLINE_SHOP
76d7abf0-3465-482a-b6b8-ef6299dcac7e,C17054,62.77,2026-02-19T19:39:53.535047Z,SUPERMARKET
b1415926-0426-45d2-bda8-763994ff9ceb,C45029,159.4,2026-02-17T15:06:24.531042Z,APP_STORE
9af7d454-049b-41f1-9759-e7d8e4035f45,C36121,289.87,2026-02-18T05:34:45.532042Z,ONLINE_SHOP
4ce9ab3a-54d7-46d3-b1aa-1be1ae9053dc,C21676,158.85,2026-02-17T12:51:45.532042Z,ONLINE_SHOP
f7828c44-5f87-4777-be9d-20eec6909254,C21218,-50.0,2026-02-19T16:43:36.534045Z,ONLINE_SHOP
6610ab90-36e5-4171-93c7-dbbf8fe02def,C74175,-50.0,2026-02-20T00:57:31.535047Z,STORE_23
02b18e4b-b97f-4222-8dcd-82e8fc853566,C18491,0.0,2026-02-12T20:21:32.531042Z,STORE_23
